Kernel,GPU,gridSize,blockSize,nThreads,Length,Iterations,experiments,GFLOPS,totalBytes,AI_HBM_ADD_INT8,AI_HBM_ADD_INT16,AI_HBM_ADD_INT32,AI_HBM_ADD_INT64,AI_HBM_ADD_FP16,AI_HBM_ADD_FP32,AI_HBM_ADD_FP64,AI_HBM_MUL_INT8,AI_HBM_MUL_INT16,AI_HBM_MUL_INT32,AI_HBM_MUL_INT64,AI_HBM_MUL_FP16,AI_HBM_MUL_FP32,AI_HBM_MUL_FP64,AI_HBM_MULADD_INT8,AI_HBM_MULADD_INT16,AI_HBM_MULADD_INT32,AI_HBM_MULADD_INT64,AI_HBM_MULADD_FP16,AI_HBM_MULADD_FP32,AI_HBM_MULADD_FP64,AI_HBM_DIV_INT8,AI_HBM_DIV_INT16,AI_HBM_DIV_INT32,AI_HBM_DIV_INT64,AI_HBM_DIV_FP16,AI_HBM_DIV_FP32,AI_HBM_DIV_FP64,AI_HBM_RSQ_INT8,AI_HBM_RSQ_INT16,AI_HBM_RSQ_INT32,AI_HBM_RSQ_INT64,AI_HBM_RSQ_FP16,AI_HBM_RSQ_FP32,AI_HBM_RSQ_FP64,AverageSec,PERF,STDDEV,CI
Test,A100,256,16384,4194304,1073741824,2,10,2.14748,1073741824,2,0,0,0,0,0,0,0,0,0,0,0,0,0,0,0,0,0,0,0,0,0,0,0,0,0,0,0,0,0,0,0,0,0,0,9.32383,230.323,0.338556,0.209839
Test,A100,256,16384,4194304,1073741824,2,10,2.14748,1073741824,0,0,0,0,0,0,0,2,0,0,0,0,0,0,0,0,0,0,0,0,0,0,0,0,0,0,0,0,0,0,0,0,0,0,0,8.28273,259.293,2.27175,1.40805
Test,A100,256,16384,4194304,1073741824,2,10,4.29497,1073741824,0,0,0,0,0,0,0,0,0,0,0,0,0,0,4,0,0,0,0,0,0,0,0,0,0,0,0,0,0,0,0,0,0,0,0,3.13231,1371.3,12.7099,7.8777
Test,A100,256,16384,4194304,1073741824,2,10,2.14748,1073741824,0,0,0,0,0,0,0,0,0,0,0,0,0,0,0,0,0,0,0,0,0,2,0,0,0,0,0,0,0,0,0,0,0,0,0,4.45645,482.366,14.8466,9.20202
Test,A100,256,16384,4194304,1073741824,2,10,2.14748,1073741824,0,0,0,0,0,0,0,0,0,0,0,0,0,0,0,0,0,0,0,0,0,0,0,0,0,0,0,0,2,0,0,0,0,0,0,8.90706,241.118,2.10117,1.30232
Test,A100,256,16384,4194304,536870912,2,10,1.07374,1073741824,0,1,0,0,0,0,0,0,0,0,0,0,0,0,0,0,0,0,0,0,0,0,0,0,0,0,0,0,0,0,0,0,0,0,0,4.2327,253.685,1.40925,0.873462
Test,A100,256,16384,4194304,536870912,2,10,1.07374,1073741824,0,0,0,0,0,0,0,0,1,0,0,0,0,0,0,0,0,0,0,0,0,0,0,0,0,0,0,0,0,0,0,0,0,0,0,3.80232,282.4,1.54913,0.960161
Test,A100,256,16384,4194304,536870912,2,10,2.14748,1073741824,0,0,0,0,0,0,0,0,0,0,0,0,0,0,0,2,0,0,0,0,0,0,0,0,0,0,0,0,0,0,0,0,0,0,0,1.55515,1380.89,1.07921,0.668899
Test,A100,256,16384,4194304,536870912,2,10,1.07374,1073741824,0,0,0,0,0,0,0,0,0,0,0,0,0,0,0,0,0,0,0,0,0,0,1,0,0,0,0,0,0,0,0,0,0,0,0,2.37107,452.851,0.235593,0.146022
Test,A100,256,16384,4194304,536870912,2,10,1.07374,1073741824,0,0,0,0,0,0,0,0,0,0,0,0,0,0,0,0,0,0,0,0,0,0,0,0,0,0,0,0,0,1,0,0,0,0,0,4.44129,241.772,1.42547,0.883516
Test,A100,256,16384,4194304,268435456,2,10,0.536871,1073741824,0,0,0.5,0,0,0,0,0,0,0,0,0,0,0,0,0,0,0,0,0,0,0,0,0,0,0,0,0,0,0,0,0,0,0,0,1.51839,353.58,0.381693,0.236576
Test,A100,256,16384,4194304,268435456,2,10,0.536871,1073741824,0,0,0,0,0,0,0,0,0,0.5,0,0,0,0,0,0,0,0,0,0,0,0,0,0,0,0,0,0,0,0,0,0,0,0,0,1.51439,354.513,0.673209,0.417259
Test,A100,256,16384,4194304,268435456,2,10,1.07374,1073741824,0,0,0,0,0,0,0,0,0,0,0,0,0,0,0,0,1,0,0,0,0,0,0,0,0,0,0,0,0,0,0,0,0,0,0,0.889856,1206.65,1.07557,0.666643
Test,A100,256,16384,4194304,268435456,2,10,0.536871,1073741824,0,0,0,0,0,0,0,0,0,0,0,0,0,0,0,0,0,0,0,0,0,0,0,0.5,0,0,0,0,0,0,0,0,0,0,0,1.11237,482.637,0.446537,0.276766
Test,A100,256,16384,4194304,268435456,2,10,0.536871,1073741824,0,0,0,0,0,0,0,0,0,0,0,0,0,0,0,0,0,0,0,0,0,0,0,0,0,0,0,0,0,0,0.5,0,0,0,0,1.51828,353.604,0.384611,0.238384
Test,A100,256,16384,4194304,134217728,2,10,0.268435,1073741824,0,0,0,0.25,0,0,0,0,0,0,0,0,0,0,0,0,0,0,0,0,0,0,0,0,0,0,0,0,0,0,0,0,0,0,0,1.37462,195.281,0.374974,0.232411
Test,A100,256,16384,4194304,134217728,2,10,0.268435,1073741824,0,0,0,0,0,0,0,0,0,0,0.25,0,0,0,0,0,0,0,0,0,0,0,0,0,0,0,0,0,0,0,0,0,0,0,0,1.3694,196.026,0.46931,0.290881
Test,A100,256,16384,4194304,134217728,2,10,0.536871,1073741824,0,0,0,0,0,0,0,0,0,0,0,0,0,0,0,0,0,0.5,0,0,0,0,0,0,0,0,0,0,0,0,0,0,0,0,0,0.722637,743.036,8.74393,5.41954
Test,A100,256,16384,4194304,134217728,2,10,0.268435,1073741824,0,0,0,0,0,0,0,0,0,0,0,0,0,0,0,0,0,0,0,0,0,0,0,0,0.25,0,0,0,0,0,0,0,0,0,0,0.771686,347.856,0.423005,0.262181
Test,A100,256,16384,4194304,134217728,2,10,0.268435,1073741824,0,0,0,0,0,0,0,0,0,0,0,0,0,0,0,0,0,0,0,0,0,0,0,0,0,0,0,0,0,0,0,0.25,0,0,0,1.37042,195.879,0.369896,0.229264
Test,A100,256,16384,4194304,536870912,2,10,1.07374,1073741824,0,0,0,0,1,0,0,0,0,0,0,0,0,0,0,0,0,0,0,0,0,0,0,0,0,0,0,0,0,0,0,0,0,0,0,1.5916,674.63,0.615187,0.381297
Test,A100,256,16384,4194304,536870912,2,10,1.07374,1073741824,0,0,0,0,0,0,0,0,0,0,0,1,0,0,0,0,0,0,0,0,0,0,0,0,0,0,0,0,0,0,0,0,0,0,0,1.5915,674.673,0.721617,0.447263
Test,A100,256,16384,4194304,536870912,2,10,2.14748,1073741824,0,0,0,0,0,0,0,0,0,0,0,0,0,0,0,0,0,0,2,0,0,0,0,0,0,0,0,0,0,0,0,0,0,0,0,1.67229,1284.15,0.742213,0.460029
Test,A100,256,16384,4194304,536870912,2,10,1.07374,1073741824,0,0,0,0,0,0,0,0,0,0,0,0,0,0,0,0,0,0,0,0,0,0,0,0,0,1,0,0,0,0,0,0,0,0,0,1.87351,573.118,0.425118,0.263491
Test,A100,256,16384,4194304,536870912,2,10,1.07374,1073741824,0,0,0,0,0,0,0,0,0,0,0,0,0,0,0,0,0,0,0,0,0,0,0,0,0,0,0,0,0,0,0,0,1,0,0,4.09149,262.436,0.904815,0.56081
Test,A100,256,16384,4194304,268435456,2,10,0.536871,1073741824,0,0,0,0,0,0.5,0,0,0,0,0,0,0,0,0,0,0,0,0,0,0,0,0,0,0,0,0,0,0,0,0,0,0,0,0,0.71895,746.809,7.02205,4.35231
Test,A100,256,16384,4194304,268435456,2,10,0.536871,1073741824,0,0,0,0,0,0,0,0,0,0,0,0,0.5,0,0,0,0,0,0,0,0,0,0,0,0,0,0,0,0,0,0,0,0,0,0,0.719462,746.272,6.72365,4.16736
Test,A100,256,16384,4194304,268435456,2,10,1.07374,1073741824,0,0,0,0,0,0,0,0,0,0,0,0,0,0,0,0,0,0,0,1,0,0,0,0,0,0,0,0,0,0,0,0,0,0,0,0.720589,1490.21,13.202,8.1827
Test,A100,256,16384,4194304,268435456,2,10,0.536871,1073741824,0,0,0,0,0,0,0,0,0,0,0,0,0,0,0,0,0,0,0,0,0,0,0,0,0,0,0.5,0,0,0,0,0,0,0,0,1.37789,389.632,0.265224,0.164387
Test,A100,256,16384,4194304,268435456,2,10,0.536871,1073741824,0,0,0,0,0,0,0,0,0,0,0,0,0,0,0,0,0,0,0,0,0,0,0,0,0,0,0,0,0,0,0,0,0,0.5,0,1.52443,352.181,0.983595,0.609639
Test,A100,256,16384,4194304,134217728,2,10,0.268435,1073741824,0,0,0,0,0,0,0.25,0,0,0,0,0,0,0,0,0,0,0,0,0,0,0,0,0,0,0,0,0,0,0,0,0,0,0,0,0.715981,374.928,1.7446,1.08131
Test,A100,256,16384,4194304,134217728,2,10,0.268435,1073741824,0,0,0,0,0,0,0,0,0,0,0,0,0,0.25,0,0,0,0,0,0,0,0,0,0,0,0,0,0,0,0,0,0,0,0,0,0.71721,374.295,2.52363,1.56416
Test,A100,256,16384,4194304,134217728,2,10,0.536871,1073741824,0,0,0,0,0,0,0,0,0,0,0,0,0,0,0,0,0,0,0,0,0.5,0,0,0,0,0,0,0,0,0,0,0,0,0,0,0.717619,748.154,4.39623,2.72481
Test,A100,256,16384,4194304,134217728,2,10,0.268435,1073741824,0,0,0,0,0,0,0,0,0,0,0,0,0,0,0,0,0,0,0,0,0,0,0,0,0,0,0,0.25,0,0,0,0,0,0,0,1.63308,164.374,0.0771166,0.0477973
Test,A100,256,16384,4194304,134217728,2,10,0.268435,1073741824,0,0,0,0,0,0,0,0,0,0,0,0,0,0,0,0,0,0,0,0,0,0,0,0,0,0,0,0,0,0,0,0,0,0,0.25,1.36991,195.956,0.903263,0.559848
Test,A100,256,16384,4194304,1073741824,4,10,4.29497,1073741824,4,0,0,0,0,0,0,0,0,0,0,0,0,0,0,0,0,0,0,0,0,0,0,0,0,0,0,0,0,0,0,0,0,0,0,8.54364,502.711,0.836831,0.518673
Test,A100,256,16384,4194304,1073741824,4,10,4.29497,1073741824,0,0,0,0,0,0,0,4,0,0,0,0,0,0,0,0,0,0,0,0,0,0,0,0,0,0,0,0,0,0,0,0,0,0,0,7.45615,576.063,4.3758,2.71215
Test,A100,256,16384,4194304,1073741824,4,10,8.58993,1073741824,0,0,0,0,0,0,0,0,0,0,0,0,0,0,8,0,0,0,0,0,0,0,0,0,0,0,0,0,0,0,0,0,0,0,0,2.88276,2981.31,69.2469,42.9197
Test,A100,256,16384,4194304,1073741824,4,10,4.29497,1073741824,0,0,0,0,0,0,0,0,0,0,0,0,0,0,0,0,0,0,0,0,0,4,0,0,0,0,0,0,0,0,0,0,0,0,0,7.73325,555.39,0.41565,0.257622
Test,A100,256,16384,4194304,1073741824,4,10,4.29497,1073741824,0,0,0,0,0,0,0,0,0,0,0,0,0,0,0,0,0,0,0,0,0,0,0,0,0,0,0,0,4,0,0,0,0,0,0,9.14985,469.431,3.62762,2.24842
Test,A100,256,16384,4194304,536870912,4,10,2.14748,1073741824,0,2,0,0,0,0,0,0,0,0,0,0,0,0,0,0,0,0,0,0,0,0,0,0,0,0,0,0,0,0,0,0,0,0,0,4.15652,516.669,2.73648,1.69609
Test,A100,256,16384,4194304,536870912,4,10,2.14748,1073741824,0,0,0,0,0,0,0,0,2,0,0,0,0,0,0,0,0,0,0,0,0,0,0,0,0,0,0,0,0,0,0,0,0,0,0,3.77068,569.538,2.96533,1.83793
Test,A100,256,16384,4194304,536870912,4,10,4.29497,1073741824,0,0,0,0,0,0,0,0,0,0,0,0,0,0,0,4,0,0,0,0,0,0,0,0,0,0,0,0,0,0,0,0,0,0,0,1.63871,2620.95,1.94455,1.20524
Test,A100,256,16384,4194304,536870912,4,10,2.14748,1073741824,0,0,0,0,0,0,0,0,0,0,0,0,0,0,0,0,0,0,0,0,0,0,2,0,0,0,0,0,0,0,0,0,0,0,0,3.9041,550.06,0.869677,0.539031
Test,A100,256,16384,4194304,536870912,4,10,2.14748,1073741824,0,0,0,0,0,0,0,0,0,0,0,0,0,0,0,0,0,0,0,0,0,0,0,0,0,0,0,0,0,2,0,0,0,0,0,4.76119,451.053,2.47584,1.53454
Test,A100,256,16384,4194304,268435456,4,10,1.07374,1073741824,0,0,1,0,0,0,0,0,0,0,0,0,0,0,0,0,0,0,0,0,0,0,0,0,0,0,0,0,0,0,0,0,0,0,0,1.50989,711.144,1.74121,1.07922
Test,A100,256,16384,4194304,268435456,4,10,1.07374,1073741824,0,0,0,0,0,0,0,0,0,1,0,0,0,0,0,0,0,0,0,0,0,0,0,0,0,0,0,0,0,0,0,0,0,0,0,1.50344,714.194,1.28398,0.795819
Test,A100,256,16384,4194304,268435456,4,10,2.14748,1073741824,0,0,0,0,0,0,0,0,0,0,0,0,0,0,0,0,2,0,0,0,0,0,0,0,0,0,0,0,0,0,0,0,0,0,0,0.894259,2401.41,2.76361,1.7129
Test,A100,256,16384,4194304,268435456,4,10,1.07374,1073741824,0,0,0,0,0,0,0,0,0,0,0,0,0,0,0,0,0,0,0,0,0,0,0,1,0,0,0,0,0,0,0,0,0,0,0,1.67414,641.37,0.117755,0.0729854
Test,A100,256,16384,4194304,268435456,4,10,1.07374,1073741824,0,0,0,0,0,0,0,0,0,0,0,0,0,0,0,0,0,0,0,0,0,0,0,0,0,0,0,0,0,0,1,0,0,0,0,1.55351,691.173,1.02725,0.636695
Test,A100,256,16384,4194304,134217728,4,10,0.536871,1073741824,0,0,0,0.5,0,0,0,0,0,0,0,0,0,0,0,0,0,0,0,0,0,0,0,0,0,0,0,0,0,0,0,0,0,0,0,1.37482,390.504,0.825157,0.511438
Test,A100,256,16384,4194304,134217728,4,10,0.536871,1073741824,0,0,0,0,0,0,0,0,0,0,0.5,0,0,0,0,0,0,0,0,0,0,0,0,0,0,0,0,0,0,0,0,0,0,0,0,1.37175,391.379,0.926471,0.574233
Test,A100,256,16384,4194304,134217728,4,10,1.07374,1073741824,0,0,0,0,0,0,0,0,0,0,0,0,0,0,0,0,0,1,0,0,0,0,0,0,0,0,0,0,0,0,0,0,0,0,0,0.726938,1477.28,17.4765,10.832
Test,A100,256,16384,4194304,134217728,4,10,0.536871,1073741824,0,0,0,0,0,0,0,0,0,0,0,0,0,0,0,0,0,0,0,0,0,0,0,0,0.5,0,0,0,0,0,0,0,0,0,0,1.01704,527.878,0.463508,0.287285
Test,A100,256,16384,4194304,134217728,4,10,0.536871,1073741824,0,0,0,0,0,0,0,0,0,0,0,0,0,0,0,0,0,0,0,0,0,0,0,0,0,0,0,0,0,0,0,0.5,0,0,0,1.3737,390.825,1.02173,0.633277
Test,A100,256,16384,4194304,536870912,4,10,2.14748,1073741824,0,0,0,0,2,0,0,0,0,0,0,0,0,0,0,0,0,0,0,0,0,0,0,0,0,0,0,0,0,0,0,0,0,0,0,1.64178,1308.02,1.03443,0.641146
Test,A100,256,16384,4194304,536870912,4,10,2.14748,1073741824,0,0,0,0,0,0,0,0,0,0,0,2,0,0,0,0,0,0,0,0,0,0,0,0,0,0,0,0,0,0,0,0,0,0,0,1.64321,1306.88,1.36523,0.846179
Test,A100,256,16384,4194304,536870912,4,10,4.29497,1073741824,0,0,0,0,0,0,0,0,0,0,0,0,0,0,0,0,0,0,4,0,0,0,0,0,0,0,0,0,0,0,0,0,0,0,0,1.77787,2415.8,1.49801,0.928477
Test,A100,256,16384,4194304,536870912,4,10,2.14748,1073741824,0,0,0,0,0,0,0,0,0,0,0,0,0,0,0,0,0,0,0,0,0,0,0,0,0,2,0,0,0,0,0,0,0,0,0,2.4832,864.805,0.390667,0.242138
Test,A100,256,16384,4194304,536870912,4,10,2.14748,1073741824,0,0,0,0,0,0,0,0,0,0,0,0,0,0,0,0,0,0,0,0,0,0,0,0,0,0,0,0,0,0,0,0,2,0,0,4.44006,483.661,0.467537,0.289782
Test,A100,256,16384,4194304,268435456,4,10,1.07374,1073741824,0,0,0,0,0,1,0,0,0,0,0,0,0,0,0,0,0,0,0,0,0,0,0,0,0,0,0,0,0,0,0,0,0,0,0,0.721101,1489.18,15.0007,9.29752
Test,A100,256,16384,4194304,268435456,4,10,1.07374,1073741824,0,0,0,0,0,0,0,0,0,0,0,0,1,0,0,0,0,0,0,0,0,0,0,0,0,0,0,0,0,0,0,0,0,0,0,0.72192,1487.53,16.5925,10.2841
Test,A100,256,16384,4194304,268435456,4,10,2.14748,1073741824,0,0,0,0,0,0,0,0,0,0,0,0,0,0,0,0,0,0,0,2,0,0,0,0,0,0,0,0,0,0,0,0,0,0,0,0.721203,2977.78,20.1254,12.4739
Test,A100,256,16384,4194304,268435456,4,10,1.07374,1073741824,0,0,0,0,0,0,0,0,0,0,0,0,0,0,0,0,0,0,0,0,0,0,0,0,0,0,1,0,0,0,0,0,0,0,0,2.34752,457.394,0.256024,0.158685
Test,A100,256,16384,4194304,268435456,4,10,1.07374,1073741824,0,0,0,0,0,0,0,0,0,0,0,0,0,0,0,0,0,0,0,0,0,0,0,0,0,0,0,0,0,0,0,0,0,1,0,1.52781,702.804,1.93478,1.19919
Test,A100,256,16384,4194304,134217728,4,10,0.536871,1073741824,0,0,0,0,0,0,0.5,0,0,0,0,0,0,0,0,0,0,0,0,0,0,0,0,0,0,0,0,0,0,0,0,0,0,0,0,0.720691,745.009,7.2109,4.46936
Test,A100,256,16384,4194304,134217728,4,10,0.536871,1073741824,0,0,0,0,0,0,0,0,0,0,0,0,0,0.5,0,0,0,0,0,0,0,0,0,0,0,0,0,0,0,0,0,0,0,0,0,0.719565,746.171,6.98294,4.32807
Test,A100,256,16384,4194304,134217728,4,10,1.07374,1073741824,0,0,0,0,0,0,0,0,0,0,0,0,0,0,0,0,0,0,0,0,1,0,0,0,0,0,0,0,0,0,0,0,0,0,0,0.7168,1498.18,18.0153,11.166
Test,A100,256,16384,4194304,134217728,4,10,0.536871,1073741824,0,0,0,0,0,0,0,0,0,0,0,0,0,0,0,0,0,0,0,0,0,0,0,0,0,0,0,0.5,0,0,0,0,0,0,0,3.14849,170.517,0.0557322,0.0345431
Test,A100,256,16384,4194304,134217728,4,10,0.536871,1073741824,0,0,0,0,0,0,0,0,0,0,0,0,0,0,0,0,0,0,0,0,0,0,0,0,0,0,0,0,0,0,0,0,0,0,0.5,1.37052,391.738,2.01323,1.24781
Test,A100,256,16384,4194304,1073741824,8,10,8.58993,1073741824,8,0,0,0,0,0,0,0,0,0,0,0,0,0,0,0,0,0,0,0,0,0,0,0,0,0,0,0,0,0,0,0,0,0,0,8.66324,991.541,1.79493,1.11251
Test,A100,256,16384,4194304,1073741824,8,10,8.58993,1073741824,0,0,0,0,0,0,0,8,0,0,0,0,0,0,0,0,0,0,0,0,0,0,0,0,0,0,0,0,0,0,0,0,0,0,0,8.67553,990.183,6.99307,4.33435
Test,A100,256,16384,4194304,1073741824,8,10,17.1799,1073741824,0,0,0,0,0,0,0,0,0,0,0,0,0,0,16,0,0,0,0,0,0,0,0,0,0,0,0,0,0,0,0,0,0,0,0,3.0506,5634.24,122.642,76.0143
Test,A100,256,16384,4194304,1073741824,8,10,8.58993,1073741824,0,0,0,0,0,0,0,0,0,0,0,0,0,0,0,0,0,0,0,0,0,8,0,0,0,0,0,0,0,0,0,0,0,0,0,15.2444,563.482,0.09933,0.0615654
Test,A100,256,16384,4194304,1073741824,8,10,8.58993,1073741824,0,0,0,0,0,0,0,0,0,0,0,0,0,0,0,0,0,0,0,0,0,0,0,0,0,0,0,0,8,0,0,0,0,0,0,9.74059,881.909,5.8994,3.65648
Test,A100,256,16384,4194304,536870912,8,10,4.29497,1073741824,0,4,0,0,0,0,0,0,0,0,0,0,0,0,0,0,0,0,0,0,0,0,0,0,0,0,0,0,0,0,0,0,0,0,0,4.10266,1046.92,6.58224,4.07971
Test,A100,256,16384,4194304,536870912,8,10,4.29497,1073741824,0,0,0,0,0,0,0,0,4,0,0,0,0,0,0,0,0,0,0,0,0,0,0,0,0,0,0,0,0,0,0,0,0,0,0,4.08166,1052.29,6.10093,3.7814
Test,A100,256,16384,4194304,536870912,8,10,8.58993,1073741824,0,0,0,0,0,0,0,0,0,0,0,0,0,0,0,8,0,0,0,0,0,0,0,0,0,0,0,0,0,0,0,0,0,0,0,1.67721,5121.57,4.06442,2.51916
Test,A100,256,16384,4194304,536870912,8,10,4.29497,1073741824,0,0,0,0,0,0,0,0,0,0,0,0,0,0,0,0,0,0,0,0,0,0,4,0,0,0,0,0,0,0,0,0,0,0,0,7.65778,560.863,0.0753827,0.0467227
Test,A100,256,16384,4194304,536870912,8,10,4.29497,1073741824,0,0,0,0,0,0,0,0,0,0,0,0,0,0,0,0,0,0,0,0,0,0,0,0,0,0,0,0,0,4,0,0,0,0,0,5.05057,850.408,3.70932,2.29906
Test,A100,256,16384,4194304,268435456,8,10,2.14748,1073741824,0,0,2,0,0,0,0,0,0,0,0,0,0,0,0,0,0,0,0,0,0,0,0,0,0,0,0,0,0,0,0,0,0,0,0,1.50354,1428.29,3.4803,2.15711
Test,A100,256,16384,4194304,268435456,8,10,2.14748,1073741824,0,0,0,0,0,0,0,0,0,2,0,0,0,0,0,0,0,0,0,0,0,0,0,0,0,0,0,0,0,0,0,0,0,0,0,1.49484,1436.61,2.78271,1.72474
Test,A100,256,16384,4194304,268435456,8,10,4.29497,1073741824,0,0,0,0,0,0,0,0,0,0,0,0,0,0,0,0,4,0,0,0,0,0,0,0,0,0,0,0,0,0,0,0,0,0,0,0.910336,4718.01,7.12027,4.41319
Test,A100,256,16384,4194304,268435456,8,10,2.14748,1073741824,0,0,0,0,0,0,0,0,0,0,0,0,0,0,0,0,0,0,0,0,0,0,0,2,0,0,0,0,0,0,0,0,0,0,0,3.24444,661.897,0.6861,0.425249
Test,A100,256,16384,4194304,268435456,8,10,2.14748,1073741824,0,0,0,0,0,0,0,0,0,0,0,0,0,0,0,0,0,0,0,0,0,0,0,0,0,0,0,0,0,0,2,0,0,0,0,1.66953,1286.29,3.12206,1.93507
Test,A100,256,16384,4194304,134217728,8,10,1.07374,1073741824,0,0,0,1,0,0,0,0,0,0,0,0,0,0,0,0,0,0,0,0,0,0,0,0,0,0,0,0,0,0,0,0,0,0,0,1.36704,785.457,2.2308,1.38266
Test,A100,256,16384,4194304,134217728,8,10,1.07374,1073741824,0,0,0,0,0,0,0,0,0,0,1,0,0,0,0,0,0,0,0,0,0,0,0,0,0,0,0,0,0,0,0,0,0,0,0,1.3822,776.842,1.78048,1.10355
Test,A100,256,16384,4194304,134217728,8,10,2.14748,1073741824,0,0,0,0,0,0,0,0,0,0,0,0,0,0,0,0,0,2,0,0,0,0,0,0,0,0,0,0,0,0,0,0,0,0,0,0.740045,2901.98,20.859,12.9285
Test,A100,256,16384,4194304,134217728,8,10,1.07374,1073741824,0,0,0,0,0,0,0,0,0,0,0,0,0,0,0,0,0,0,0,0,0,0,0,0,1,0,0,0,0,0,0,0,0,0,0,1.84945,580.575,0.335534,0.207966
Test,A100,256,16384,4194304,134217728,8,10,1.07374,1073741824,0,0,0,0,0,0,0,0,0,0,0,0,0,0,0,0,0,0,0,0,0,0,0,0,0,0,0,0,0,0,0,1,0,0,0,1.3867,774.324,2.72383,1.68825
Test,A100,256,16384,4194304,536870912,8,10,4.29497,1073741824,0,0,0,0,4,0,0,0,0,0,0,0,0,0,0,0,0,0,0,0,0,0,0,0,0,0,0,0,0,0,0,0,0,0,0,1.77981,2413.16,1.30945,0.811607
Test,A100,256,16384,4194304,536870912,8,10,4.29497,1073741824,0,0,0,0,0,0,0,0,0,0,0,4,0,0,0,0,0,0,0,0,0,0,0,0,0,0,0,0,0,0,0,0,0,0,0,1.77746,2416.35,2.1382,1.32527
Test,A100,256,16384,4194304,536870912,8,10,8.58993,1073741824,0,0,0,0,0,0,0,0,0,0,0,0,0,0,0,0,0,0,8,0,0,0,0,0,0,0,0,0,0,0,0,0,0,0,0,2.09654,4097.2,1.60073,0.992144
Test,A100,256,16384,4194304,536870912,8,10,4.29497,1073741824,0,0,0,0,0,0,0,0,0,0,0,0,0,0,0,0,0,0,0,0,0,0,0,0,0,4,0,0,0,0,0,0,0,0,0,4.30899,996.745,0.36689,0.227401
Test,A100,256,16384,4194304,536870912,8,10,4.29497,1073741824,0,0,0,0,0,0,0,0,0,0,0,0,0,0,0,0,0,0,0,0,0,0,0,0,0,0,0,0,0,0,0,0,4,0,0,4.38088,980.391,1.06371,0.659295
Test,A100,256,16384,4194304,268435456,8,10,2.14748,1073741824,0,0,0,0,0,2,0,0,0,0,0,0,0,0,0,0,0,0,0,0,0,0,0,0,0,0,0,0,0,0,0,0,0,0,0,0.725606,2959.96,33.9688,21.0541
Test,A100,256,16384,4194304,268435456,8,10,2.14748,1073741824,0,0,0,0,0,0,0,0,0,0,0,0,2,0,0,0,0,0,0,0,0,0,0,0,0,0,0,0,0,0,0,0,0,0,0,0.725197,2961.76,38.8763,24.0958
Test,A100,256,16384,4194304,268435456,8,10,4.29497,1073741824,0,0,0,0,0,0,0,0,0,0,0,0,0,0,0,0,0,0,0,4,0,0,0,0,0,0,0,0,0,0,0,0,0,0,0,0.727962,5900.69,64.038,39.6912
Test,A100,256,16384,4194304,268435456,8,10,2.14748,1073741824,0,0,0,0,0,0,0,0,0,0,0,0,0,0,0,0,0,0,0,0,0,0,0,0,0,0,2,0,0,0,0,0,0,0,0,4.62326,464.496,0.0720167,0.0446364
Test,A100,256,16384,4194304,268435456,8,10,2.14748,1073741824,0,0,0,0,0,0,0,0,0,0,0,0,0,0,0,0,0,0,0,0,0,0,0,0,0,0,0,0,0,0,0,0,0,2,0,1.54655,1388.58,4.50119,2.78987
Test,A100,256,16384,4194304,134217728,8,10,1.07374,1073741824,0,0,0,0,0,0,1,0,0,0,0,0,0,0,0,0,0,0,0,0,0,0,0,0,0,0,0,0,0,0,0,0,0,0,0,0.72448,1482.21,13.4721,8.35012
Test,A100,256,16384,4194304,134217728,8,10,1.07374,1073741824,0,0,0,0,0,0,0,0,0,0,0,0,0,1,0,0,0,0,0,0,0,0,0,0,0,0,0,0,0,0,0,0,0,0,0,0.724378,1482.52,17.9105,11.101
Test,A100,256,16384,4194304,134217728,8,10,2.14748,1073741824,0,0,0,0,0,0,0,0,0,0,0,0,0,0,0,0,0,0,0,0,2,0,0,0,0,0,0,0,0,0,0,0,0,0,0,0.72448,2964.65,37.7463,23.3954
Test,A100,256,16384,4194304,134217728,8,10,1.07374,1073741824,0,0,0,0,0,0,0,0,0,0,0,0,0,0,0,0,0,0,0,0,0,0,0,0,0,0,0,1,0,0,0,0,0,0,0,6.26043,171.512,0.0179678,0.0111365
Test,A100,256,16384,4194304,134217728,8,10,1.07374,1073741824,0,0,0,0,0,0,0,0,0,0,0,0,0,0,0,0,0,0,0,0,0,0,0,0,0,0,0,0,0,0,0,0,0,0,1,1.37462,781.145,4.41672,2.73751
Test,A100,256,16384,4194304,1073741824,16,10,17.1799,1073741824,16,0,0,0,0,0,0,0,0,0,0,0,0,0,0,0,0,0,0,0,0,0,0,0,0,0,0,0,0,0,0,0,0,0,0,8.58051,2002.2,3.38513,2.09813
Test,A100,256,16384,4194304,1073741824,16,10,17.1799,1073741824,0,0,0,0,0,0,0,16,0,0,0,0,0,0,0,0,0,0,0,0,0,0,0,0,0,0,0,0,0,0,0,0,0,0,0,7.69178,2233.68,17.7315,10.9901
Test,A100,256,16384,4194304,1073741824,16,10,34.3597,1073741824,0,0,0,0,0,0,0,0,0,0,0,0,0,0,32,0,0,0,0,0,0,0,0,0,0,0,0,0,0,0,0,0,0,0,0,3.38637,10151,215.627,133.647
Test,A100,256,16384,4194304,1073741824,16,10,17.1799,1073741824,0,0,0,0,0,0,0,0,0,0,0,0,0,0,0,0,0,0,0,0,0,16,0,0,0,0,0,0,0,0,0,0,0,0,0,30.2932,567.12,0.0540898,0.0335252
Test,A100,256,16384,4194304,1073741824,16,10,17.1799,1073741824,0,0,0,0,0,0,0,0,0,0,0,0,0,0,0,0,0,0,0,0,0,0,0,0,0,0,0,0,16,0,0,0,0,0,0,11.2515,1526.9,3.47491,2.15377
Test,A100,256,16384,4194304,536870912,16,10,8.58993,1073741824,0,8,0,0,0,0,0,0,0,0,0,0,0,0,0,0,0,0,0,0,0,0,0,0,0,0,0,0,0,0,0,0,0,0,0,4.05781,2116.94,9.75237,6.04458
Test,A100,256,16384,4194304,536870912,16,10,8.58993,1073741824,0,0,0,0,0,0,0,0,8,0,0,0,0,0,0,0,0,0,0,0,0,0,0,0,0,0,0,0,0,0,0,0,0,0,0,3.91987,2191.43,10.2461,6.35061
Test,A100,256,16384,4194304,536870912,16,10,17.1799,1073741824,0,0,0,0,0,0,0,0,0,0,0,0,0,0,0,16,0,0,0,0,0,0,0,0,0,0,0,0,0,0,0,0,0,0,0,1.8772,9151.88,5.37523,3.3316
Test,A100,256,16384,4194304,536870912,16,10,8.58993,1073741824,0,0,0,0,0,0,0,0,0,0,0,0,0,0,0,0,0,0,0,0,0,0,8,0,0,0,0,0,0,0,0,0,0,0,0,15.1868,565.617,0.0789644,0.0489426
Test,A100,256,16384,4194304,536870912,16,10,8.58993,1073741824,0,0,0,0,0,0,0,0,0,0,0,0,0,0,0,0,0,0,0,0,0,0,0,0,0,0,0,0,0,8,0,0,0,0,0,5.70511,1505.67,4.293,2.66083
Test,A100,256,16384,4194304,268435456,16,10,4.29497,1073741824,0,0,4,0,0,0,0,0,0,0,0,0,0,0,0,0,0,0,0,0,0,0,0,0,0,0,0,0,0,0,0,0,0,0,0,1.50702,2849.99,6.43721,3.98982
Test,A100,256,16384,4194304,268435456,16,10,4.29497,1073741824,0,0,0,0,0,0,0,0,0,4,0,0,0,0,0,0,0,0,0,0,0,0,0,0,0,0,0,0,0,0,0,0,0,0,0,1.50241,2858.73,7.12467,4.41592
Test,A100,256,16384,4194304,268435456,16,10,8.58993,1073741824,0,0,0,0,0,0,0,0,0,0,0,0,0,0,0,0,8,0,0,0,0,0,0,0,0,0,0,0,0,0,0,0,0,0,0,0.954061,9003.57,11.4715,7.11011
Test,A100,256,16384,4194304,268435456,16,10,4.29497,1073741824,0,0,0,0,0,0,0,0,0,0,0,0,0,0,0,0,0,0,0,0,0,0,0,4,0,0,0,0,0,0,0,0,0,0,0,6.30077,681.657,0.104506,0.0647734
Test,A100,256,16384,4194304,268435456,16,10,4.29497,1073741824,0,0,0,0,0,0,0,0,0,0,0,0,0,0,0,0,0,0,0,0,0,0,0,0,0,0,0,0,0,0,4,0,0,0,0,2.73326,1571.37,0.353223,0.21893
Test,A100,256,16384,4194304,134217728,16,10,2.14748,1073741824,0,0,0,2,0,0,0,0,0,0,0,0,0,0,0,0,0,0,0,0,0,0,0,0,0,0,0,0,0,0,0,0,0,0,0,1.37605,1560.62,4.04716,2.50846
Test,A100,256,16384,4194304,134217728,16,10,2.14748,1073741824,0,0,0,0,0,0,0,0,0,0,2,0,0,0,0,0,0,0,0,0,0,0,0,0,0,0,0,0,0,0,0,0,0,0,0,1.41394,1518.81,4.68483,2.90369
Test,A100,256,16384,4194304,134217728,16,10,4.29497,1073741824,0,0,0,0,0,0,0,0,0,0,0,0,0,0,0,0,0,4,0,0,0,0,0,0,0,0,0,0,0,0,0,0,0,0,0,0.983142,4368.61,3.78,2.34287
Test,A100,256,16384,4194304,134217728,16,10,2.14748,1073741824,0,0,0,0,0,0,0,0,0,0,0,0,0,0,0,0,0,0,0,0,0,0,0,0,2,0,0,0,0,0,0,0,0,0,0,3.60561,595.596,0.176563,0.109435
Test,A100,256,16384,4194304,134217728,16,10,2.14748,1073741824,0,0,0,0,0,0,0,0,0,0,0,0,0,0,0,0,0,0,0,0,0,0,0,0,0,0,0,0,0,0,0,2,0,0,0,1.50569,1426.25,2.42207,1.50121
Test,A100,256,16384,4194304,536870912,16,10,8.58993,1073741824,0,0,0,0,8,0,0,0,0,0,0,0,0,0,0,0,0,0,0,0,0,0,0,0,0,0,0,0,0,0,0,0,0,0,0,2.10278,4085.03,2.3964,1.4853
Test,A100,256,16384,4194304,536870912,16,10,8.58993,1073741824,0,0,0,0,0,0,0,0,0,0,0,8,0,0,0,0,0,0,0,0,0,0,0,0,0,0,0,0,0,0,0,0,0,0,0,2.10063,4089.21,2.70449,1.67626
Test,A100,256,16384,4194304,536870912,16,10,17.1799,1073741824,0,0,0,0,0,0,0,0,0,0,0,0,0,0,0,0,0,0,16,0,0,0,0,0,0,0,0,0,0,0,0,0,0,0,0,3.07589,5585.33,2.97534,1.84413
Test,A100,256,16384,4194304,536870912,16,10,8.58993,1073741824,0,0,0,0,0,0,0,0,0,0,0,0,0,0,0,0,0,0,0,0,0,0,0,0,0,8,0,0,0,0,0,0,0,0,0,8.22866,1043.9,0.199547,0.123681
Test,A100,256,16384,4194304,536870912,16,10,8.58993,1073741824,0,0,0,0,0,0,0,0,0,0,0,0,0,0,0,0,0,0,0,0,0,0,0,0,0,0,0,0,0,0,0,0,8,0,0,4.60001,1867.44,10.9281,6.77333
Test,A100,256,16384,4194304,268435456,16,10,4.29497,1073741824,0,0,0,0,0,4,0,0,0,0,0,0,0,0,0,0,0,0,0,0,0,0,0,0,0,0,0,0,0,0,0,0,0,0,0,0.7424,5785.58,44.122,27.3471
Test,A100,256,16384,4194304,268435456,16,10,4.29497,1073741824,0,0,0,0,0,0,0,0,0,0,0,0,4,0,0,0,0,0,0,0,0,0,0,0,0,0,0,0,0,0,0,0,0,0,0,0.742605,5784.06,48.4981,30.0594
Test,A100,256,16384,4194304,268435456,16,10,8.58993,1073741824,0,0,0,0,0,0,0,0,0,0,0,0,0,0,0,0,0,0,0,8,0,0,0,0,0,0,0,0,0,0,0,0,0,0,0,0.741376,11587.5,111.493,69.1044
Test,A100,256,16384,4194304,268435456,16,10,4.29497,1073741824,0,0,0,0,0,0,0,0,0,0,0,0,0,0,0,0,0,0,0,0,0,0,0,0,0,0,4,0,0,0,0,0,0,0,0,9.5489,449.787,0.0900933,0.0558404
Test,A100,256,16384,4194304,268435456,16,10,4.29497,1073741824,0,0,0,0,0,0,0,0,0,0,0,0,0,0,0,0,0,0,0,0,0,0,0,0,0,0,0,0,0,0,0,0,0,4,0,1.60778,2671.39,9.34569,5.79252
Test,A100,256,16384,4194304,134217728,16,10,2.14748,1073741824,0,0,0,0,0,0,2,0,0,0,0,0,0,0,0,0,0,0,0,0,0,0,0,0,0,0,0,0,0,0,0,0,0,0,0,0.737485,2912.11,24.203,15.0012
Test,A100,256,16384,4194304,134217728,16,10,2.14748,1073741824,0,0,0,0,0,0,0,0,0,0,0,0,0,2,0,0,0,0,0,0,0,0,0,0,0,0,0,0,0,0,0,0,0,0,0,0.735949,2918.07,16.4015,10.1658
Test,A100,256,16384,4194304,134217728,16,10,4.29497,1073741824,0,0,0,0,0,0,0,0,0,0,0,0,0,0,0,0,0,0,0,0,4,0,0,0,0,0,0,0,0,0,0,0,0,0,0,0.73687,5828.95,40.8333,25.3087
Test,A100,256,16384,4194304,134217728,16,10,2.14748,1073741824,0,0,0,0,0,0,0,0,0,0,0,0,0,0,0,0,0,0,0,0,0,0,0,0,0,0,0,2,0,0,0,0,0,0,0,12.478,172.102,0.0202236,0.0125347
Test,A100,256,16384,4194304,134217728,16,10,2.14748,1073741824,0,0,0,0,0,0,0,0,0,0,0,0,0,0,0,0,0,0,0,0,0,0,0,0,0,0,0,0,0,0,0,0,0,0,2,1.38496,1550.62,8.11392,5.02906
Test,A100,256,16384,4194304,1073741824,32,10,34.3597,1073741824,32,0,0,0,0,0,0,0,0,0,0,0,0,0,0,0,0,0,0,0,0,0,0,0,0,0,0,0,0,0,0,0,0,0,0,8.53023,4028.01,5.18005,3.21063
Test,A100,256,16384,4194304,1073741824,32,10,34.3597,1073741824,0,0,0,0,0,0,0,32,0,0,0,0,0,0,0,0,0,0,0,0,0,0,0,0,0,0,0,0,0,0,0,0,0,0,0,8.10547,4239.29,29.4268,18.2389
Test,A100,256,16384,4194304,1073741824,32,10,68.7195,1073741824,0,0,0,0,0,0,0,0,0,0,0,0,0,0,64,0,0,0,0,0,0,0,0,0,0,0,0,0,0,0,0,0,0,0,0,4.43894,15482.7,159.988,99.1619
Test,A100,256,16384,4194304,1073741824,32,10,34.3597,1073741824,0,0,0,0,0,0,0,0,0,0,0,0,0,0,0,0,0,0,0,0,0,32,0,0,0,0,0,0,0,0,0,0,0,0,0,60.4256,568.629,0.0923461,0.0572367
Test,A100,256,16384,4194304,1073741824,32,10,34.3597,1073741824,0,0,0,0,0,0,0,0,0,0,0,0,0,0,0,0,0,0,0,0,0,0,0,0,0,0,0,0,32,0,0,0,0,0,0,21.9786,1563.33,0.381475,0.236441
Test,A100,256,16384,4194304,536870912,32,10,17.1799,1073741824,0,16,0,0,0,0,0,0,0,0,0,0,0,0,0,0,0,0,0,0,0,0,0,0,0,0,0,0,0,0,0,0,0,0,0,4.09569,4194.71,19.7682,12.2525
Test,A100,256,16384,4194304,536870912,32,10,17.1799,1073741824,0,0,0,0,0,0,0,0,16,0,0,0,0,0,0,0,0,0,0,0,0,0,0,0,0,0,0,0,0,0,0,0,0,0,0,4.16256,4127.33,19.182,11.8891
Test,A100,256,16384,4194304,536870912,32,10,34.3597,1073741824,0,0,0,0,0,0,0,0,0,0,0,0,0,0,0,32,0,0,0,0,0,0,0,0,0,0,0,0,0,0,0,0,0,0,0,2.36943,14501.2,5.9136,3.66529
Test,A100,256,16384,4194304,536870912,32,10,17.1799,1073741824,0,0,0,0,0,0,0,0,0,0,0,0,0,0,0,0,0,0,0,0,0,0,16,0,0,0,0,0,0,0,0,0,0,0,0,30.2759,567.444,0.0446348,0.0276649
Test,A100,256,16384,4194304,536870912,32,10,17.1799,1073741824,0,0,0,0,0,0,0,0,0,0,0,0,0,0,0,0,0,0,0,0,0,0,0,0,0,0,0,0,0,16,0,0,0,0,0,10.8539,1582.83,0.413045,0.256008
Test,A100,256,16384,4194304,268435456,32,10,8.58993,1073741824,0,0,8,0,0,0,0,0,0,0,0,0,0,0,0,0,0,0,0,0,0,0,0,0,0,0,0,0,0,0,0,0,0,0,0,1.5234,5638.66,11.247,6.97098
Test,A100,256,16384,4194304,268435456,32,10,8.58993,1073741824,0,0,0,0,0,0,0,0,0,8,0,0,0,0,0,0,0,0,0,0,0,0,0,0,0,0,0,0,0,0,0,0,0,0,0,1.54849,5547.3,8.4886,5.26129
Test,A100,256,16384,4194304,268435456,32,10,17.1799,1073741824,0,0,0,0,0,0,0,0,0,0,0,0,0,0,0,0,16,0,0,0,0,0,0,0,0,0,0,0,0,0,0,0,0,0,0,1.11452,15414.6,11.3273,7.0207
Test,A100,256,16384,4194304,268435456,32,10,8.58993,1073741824,0,0,0,0,0,0,0,0,0,0,0,0,0,0,0,0,0,0,0,0,0,0,0,8,0,0,0,0,0,0,0,0,0,0,0,12.4416,690.42,0.0916142,0.056783
Test,A100,256,16384,4194304,268435456,32,10,8.58993,1073741824,0,0,0,0,0,0,0,0,0,0,0,0,0,0,0,0,0,0,0,0,0,0,0,0,0,0,0,0,0,0,8,0,0,0,0,5.43058,1581.77,0.462854,0.28688
Test,A100,256,16384,4194304,134217728,32,10,4.29497,1073741824,0,0,0,4,0,0,0,0,0,0,0,0,0,0,0,0,0,0,0,0,0,0,0,0,0,0,0,0,0,0,0,0,0,0,0,1.38353,3104.37,5.29373,3.28109
Test,A100,256,16384,4194304,134217728,32,10,4.29497,1073741824,0,0,0,0,0,0,0,0,0,0,4,0,0,0,0,0,0,0,0,0,0,0,0,0,0,0,0,0,0,0,0,0,0,0,0,1.98185,2167.15,0.895734,0.555182
Test,A100,256,16384,4194304,134217728,32,10,8.58993,1073741824,0,0,0,0,0,0,0,0,0,0,0,0,0,0,0,0,0,8,0,0,0,0,0,0,0,0,0,0,0,0,0,0,0,0,0,1.86726,4600.28,3.03647,1.88203
Test,A100,256,16384,4194304,134217728,32,10,4.29497,1073741824,0,0,0,0,0,0,0,0,0,0,0,0,0,0,0,0,0,0,0,0,0,0,0,0,4,0,0,0,0,0,0,0,0,0,0,7.13349,602.085,0.102625,0.0636076
Test,A100,256,16384,4194304,134217728,32,10,4.29497,1073741824,0,0,0,0,0,0,0,0,0,0,0,0,0,0,0,0,0,0,0,0,0,0,0,0,0,0,0,0,0,0,0,4,0,0,0,2.82819,1518.63,0.5188,0.321555
Test,A100,256,16384,4194304,536870912,32,10,17.1799,1073741824,0,0,0,0,16,0,0,0,0,0,0,0,0,0,0,0,0,0,0,0,0,0,0,0,0,0,0,0,0,0,0,0,0,0,0,3.07036,5595.45,18.9872,11.7684
Test,A100,256,16384,4194304,536870912,32,10,17.1799,1073741824,0,0,0,0,0,0,0,0,0,0,0,16,0,0,0,0,0,0,0,0,0,0,0,0,0,0,0,0,0,0,0,0,0,0,0,3.07057,5595.08,18.6098,11.5344
Test,A100,256,16384,4194304,536870912,32,10,34.3597,1073741824,0,0,0,0,0,0,0,0,0,0,0,0,0,0,0,0,0,0,32,0,0,0,0,0,0,0,0,0,0,0,0,0,0,0,0,5.70235,6025.54,2.32274,1.43965
Test,A100,256,16384,4194304,536870912,32,10,17.1799,1073741824,0,0,0,0,0,0,0,0,0,0,0,0,0,0,0,0,0,0,0,0,0,0,0,0,0,16,0,0,0,0,0,0,0,0,0,16.1015,1066.97,0.107099,0.0663805
Test,A100,256,16384,4194304,536870912,32,10,17.1799,1073741824,0,0,0,0,0,0,0,0,0,0,0,0,0,0,0,0,0,0,0,0,0,0,0,0,0,0,0,0,0,0,0,0,16,0,0,5.10157,3367.68,19.8075,12.2768
Test,A100,256,16384,4194304,268435456,32,10,8.58993,1073741824,0,0,0,0,0,8,0,0,0,0,0,0,0,0,0,0,0,0,0,0,0,0,0,0,0,0,0,0,0,0,0,0,0,0,0,0.93952,9142.91,10.2114,6.32907
Test,A100,256,16384,4194304,268435456,32,10,8.58993,1073741824,0,0,0,0,0,0,0,0,0,0,0,0,8,0,0,0,0,0,0,0,0,0,0,0,0,0,0,0,0,0,0,0,0,0,0,0.938291,9154.88,10.035,6.21977
Test,A100,256,16384,4194304,268435456,32,10,17.1799,1073741824,0,0,0,0,0,0,0,0,0,0,0,0,0,0,0,0,0,0,0,16,0,0,0,0,0,0,0,0,0,0,0,0,0,0,0,0.938598,18303.8,23.949,14.8438
Test,A100,256,16384,4194304,268435456,32,10,8.58993,1073741824,0,0,0,0,0,0,0,0,0,0,0,0,0,0,0,0,0,0,0,0,0,0,0,0,0,0,8,0,0,0,0,0,0,0,0,19.7897,434.06,0.0324714,0.020126
Test,A100,256,16384,4194304,268435456,32,10,8.58993,1073741824,0,0,0,0,0,0,0,0,0,0,0,0,0,0,0,0,0,0,0,0,0,0,0,0,0,0,0,0,0,0,0,0,0,8,0,1.96741,4366.12,7.77994,4.82206
Test,A100,256,16384,4194304,134217728,32,10,4.29497,1073741824,0,0,0,0,0,0,4,0,0,0,0,0,0,0,0,0,0,0,0,0,0,0,0,0,0,0,0,0,0,0,0,0,0,0,0,0.943923,4550.13,6.15433,3.81449
Test,A100,256,16384,4194304,134217728,32,10,4.29497,1073741824,0,0,0,0,0,0,0,0,0,0,0,0,0,4,0,0,0,0,0,0,0,0,0,0,0,0,0,0,0,0,0,0,0,0,0,0.943104,4554.08,4.9416,3.06284
Test,A100,256,16384,4194304,134217728,32,10,8.58993,1073741824,0,0,0,0,0,0,0,0,0,0,0,0,0,0,0,0,0,0,0,0,8,0,0,0,0,0,0,0,0,0,0,0,0,0,0,0.944435,9095.33,10.8558,6.72847
Test,A100,256,16384,4194304,134217728,32,10,4.29497,1073741824,0,0,0,0,0,0,0,0,0,0,0,0,0,0,0,0,0,0,0,0,0,0,0,0,0,0,0,4,0,0,0,0,0,0,0,24.4466,175.688,0.0158517,0.00982496
Test,A100,256,16384,4194304,134217728,32,10,4.29497,1073741824,0,0,0,0,0,0,0,0,0,0,0,0,0,0,0,0,0,0,0,0,0,0,0,0,0,0,0,0,0,0,0,0,0,0,4,1.42182,3020.81,13.5962,8.42701
Test,A100,256,16384,4194304,1073741824,64,10,68.7195,1073741824,64,0,0,0,0,0,0,0,0,0,0,0,0,0,0,0,0,0,0,0,0,0,0,0,0,0,0,0,0,0,0,0,0,0,0,9.20136,7491.5,410.953,254.711
Test,A100,256,16384,4194304,1073741824,64,10,68.7195,1073741824,0,0,0,0,0,0,0,64,0,0,0,0,0,0,0,0,0,0,0,0,0,0,0,0,0,0,0,0,0,0,0,0,0,0,0,10.6496,6453.1,45.7641,28.3649
Test,A100,256,16384,4194304,1073741824,64,10,137.439,1073741824,0,0,0,0,0,0,0,0,0,0,0,0,0,0,128,0,0,0,0,0,0,0,0,0,0,0,0,0,0,0,0,0,0,0,0,8.33311,16626,1430.94,886.905
Test,A100,256,16384,4194304,1073741824,64,10,68.7195,1073741824,0,0,0,0,0,0,0,0,0,0,0,0,0,0,0,0,0,0,0,0,0,64,0,0,0,0,0,0,0,0,0,0,0,0,0,120.703,569.325,0.0853811,0.0529197
Test,A100,256,16384,4194304,1073741824,64,10,68.7195,1073741824,0,0,0,0,0,0,0,0,0,0,0,0,0,0,0,0,0,0,0,0,0,0,0,0,0,0,0,0,64,0,0,0,0,0,0,43.884,1565.93,0.22358,0.138577
Test,A100,256,16384,4194304,536870912,64,10,34.3597,1073741824,0,32,0,0,0,0,0,0,0,0,0,0,0,0,0,0,0,0,0,0,0,0,0,0,0,0,0,0,0,0,0,0,0,0,0,4.29292,8003.97,34.3446,21.287
Test,A100,256,16384,4194304,536870912,64,10,34.3597,1073741824,0,0,0,0,0,0,0,0,32,0,0,0,0,0,0,0,0,0,0,0,0,0,0,0,0,0,0,0,0,0,0,0,0,0,0,4.84301,7094.84,30.4066,18.8462
Test,A100,256,16384,4194304,536870912,64,10,68.7195,1073741824,0,0,0,0,0,0,0,0,0,0,0,0,0,0,0,64,0,0,0,0,0,0,0,0,0,0,0,0,0,0,0,0,0,0,0,3.95756,17364.1,17.4983,10.8456
Test,A100,256,16384,4194304,536870912,64,10,34.3597,1073741824,0,0,0,0,0,0,0,0,0,0,0,0,0,0,0,0,0,0,0,0,0,0,32,0,0,0,0,0,0,0,0,0,0,0,0,60.429,568.597,0.0469972,0.0291292
Test,A100,256,16384,4194304,536870912,64,10,34.3597,1073741824,0,0,0,0,0,0,0,0,0,0,0,0,0,0,0,0,0,0,0,0,0,0,0,0,0,0,0,0,0,32,0,0,0,0,0,21.6484,1587.17,0.242123,0.150069
Test,A100,256,16384,4194304,268435456,64,10,17.1799,1073741824,0,0,16,0,0,0,0,0,0,0,0,0,0,0,0,0,0,0,0,0,0,0,0,0,0,0,0,0,0,0,0,0,0,0,0,1.59795,10751.3,38.4062,23.8044
Test,A100,256,16384,4194304,268435456,64,10,17.1799,1073741824,0,0,0,0,0,0,0,0,0,16,0,0,0,0,0,0,0,0,0,0,0,0,0,0,0,0,0,0,0,0,0,0,0,0,0,1.92748,8913.15,4.26124,2.64114
Test,A100,256,16384,4194304,268435456,64,10,34.3597,1073741824,0,0,0,0,0,0,0,0,0,0,0,0,0,0,0,0,32,0,0,0,0,0,0,0,0,0,0,0,0,0,0,0,0,0,0,1.91601,17933,5.16037,3.19843
Test,A100,256,16384,4194304,268435456,64,10,17.1799,1073741824,0,0,0,0,0,0,0,0,0,0,0,0,0,0,0,0,0,0,0,0,0,0,0,16,0,0,0,0,0,0,0,0,0,0,0,24.8759,690.622,0.0690129,0.0427746
Test,A100,256,16384,4194304,268435456,64,10,17.1799,1073741824,0,0,0,0,0,0,0,0,0,0,0,0,0,0,0,0,0,0,0,0,0,0,0,0,0,0,0,0,0,0,16,0,0,0,0,10.8311,1586.17,0.249116,0.154404
Test,A100,256,16384,4194304,134217728,64,10,8.58993,1073741824,0,0,0,8,0,0,0,0,0,0,0,0,0,0,0,0,0,0,0,0,0,0,0,0,0,0,0,0,0,0,0,0,0,0,0,1.42582,6024.59,10.6259,6.58601
Test,A100,256,16384,4194304,134217728,64,10,8.58993,1073741824,0,0,0,0,0,0,0,0,0,0,8,0,0,0,0,0,0,0,0,0,0,0,0,0,0,0,0,0,0,0,0,0,0,0,0,3.90461,2199.94,0.479148,0.296979
Test,A100,256,16384,4194304,134217728,64,10,17.1799,1073741824,0,0,0,0,0,0,0,0,0,0,0,0,0,0,0,0,0,16,0,0,0,0,0,0,0,0,0,0,0,0,0,0,0,0,0,3.6524,4703.72,1.53774,0.953103
Test,A100,256,16384,4194304,134217728,64,10,8.58993,1073741824,0,0,0,0,0,0,0,0,0,0,0,0,0,0,0,0,0,0,0,0,0,0,0,0,8,0,0,0,0,0,0,0,0,0,0,14.2568,602.513,0.0725327,0.0449562
Test,A100,256,16384,4194304,134217728,64,10,8.58993,1073741824,0,0,0,0,0,0,0,0,0,0,0,0,0,0,0,0,0,0,0,0,0,0,0,0,0,0,0,0,0,0,0,8,0,0,0,5.63425,1524.59,0.492374,0.305177
Test,A100,256,16384,4194304,536870912,64,10,34.3597,1073741824,0,0,0,0,32,0,0,0,0,0,0,0,0,0,0,0,0,0,0,0,0,0,0,0,0,0,0,0,0,0,0,0,0,0,0,5.70347,6024.35,3.01254,1.86719
Test,A100,256,16384,4194304,536870912,64,10,34.3597,1073741824,0,0,0,0,0,0,0,0,0,0,0,32,0,0,0,0,0,0,0,0,0,0,0,0,0,0,0,0,0,0,0,0,0,0,0,5.70184,6026.08,1.59047,0.985782
Test,A100,256,16384,4194304,536870912,64,10,68.7195,1073741824,0,0,0,0,0,0,0,0,0,0,0,0,0,0,0,0,0,0,64,0,0,0,0,0,0,0,0,0,0,0,0,0,0,0,0,11.1015,6190.11,1.17127,0.725958
Test,A100,256,16384,4194304,536870912,64,10,34.3597,1073741824,0,0,0,0,0,0,0,0,0,0,0,0,0,0,0,0,0,0,0,0,0,0,0,0,0,32,0,0,0,0,0,0,0,0,0,31.7818,1081.11,0.0686818,0.0425694
Test,A100,256,16384,4194304,536870912,64,10,34.3597,1073741824,0,0,0,0,0,0,0,0,0,0,0,0,0,0,0,0,0,0,0,0,0,0,0,0,0,0,0,0,0,0,0,0,32,0,0,7.45451,4609.25,3.62007,2.24374
Test,A100,256,16384,4194304,268435456,64,10,17.1799,1073741824,0,0,0,0,0,16,0,0,0,0,0,0,0,0,0,0,0,0,0,0,0,0,0,0,0,0,0,0,0,0,0,0,0,0,0,1.82047,9437.07,5.71586,3.54273
Test,A100,256,16384,4194304,268435456,64,10,17.1799,1073741824,0,0,0,0,0,0,0,0,0,0,0,0,16,0,0,0,0,0,0,0,0,0,0,0,0,0,0,0,0,0,0,0,0,0,0,1.82026,9438.13,5.91268,3.66472
Test,A100,256,16384,4194304,268435456,64,10,34.3597,1073741824,0,0,0,0,0,0,0,0,0,0,0,0,0,0,0,0,0,0,0,32,0,0,0,0,0,0,0,0,0,0,0,0,0,0,0,1.82036,18875.2,9.55725,5.92365
Test,A100,256,16384,4194304,268435456,64,10,17.1799,1073741824,0,0,0,0,0,0,0,0,0,0,0,0,0,0,0,0,0,0,0,0,0,0,0,0,0,0,16,0,0,0,0,0,0,0,0,39.3796,436.264,0.024434,0.0151444
Test,A100,256,16384,4194304,268435456,64,10,17.1799,1073741824,0,0,0,0,0,0,0,0,0,0,0,0,0,0,0,0,0,0,0,0,0,0,0,0,0,0,0,0,0,0,0,0,0,16,0,3.71354,4626.29,4.45677,2.76233
Test,A100,256,16384,4194304,134217728,64,10,8.58993,1073741824,0,0,0,0,0,0,8,0,0,0,0,0,0,0,0,0,0,0,0,0,0,0,0,0,0,0,0,0,0,0,0,0,0,0,0,1.82917,4696.08,1.68349,1.04344
Test,A100,256,16384,4194304,134217728,64,10,8.58993,1073741824,0,0,0,0,0,0,0,0,0,0,0,0,0,8,0,0,0,0,0,0,0,0,0,0,0,0,0,0,0,0,0,0,0,0,0,1.82876,4697.13,2.98695,1.85133
Test,A100,256,16384,4194304,134217728,64,10,17.1799,1073741824,0,0,0,0,0,0,0,0,0,0,0,0,0,0,0,0,0,0,0,0,16,0,0,0,0,0,0,0,0,0,0,0,0,0,0,1.82917,9392.16,4.1052,2.54443
Test,A100,256,16384,4194304,134217728,64,10,8.58993,1073741824,0,0,0,0,0,0,0,0,0,0,0,0,0,0,0,0,0,0,0,0,0,0,0,0,0,0,0,8,0,0,0,0,0,0,0,49.2497,174.416,0.0222616,0.0137979
Test,A100,256,16384,4194304,134217728,64,10,8.58993,1073741824,0,0,0,0,0,0,0,0,0,0,0,0,0,0,0,0,0,0,0,0,0,0,0,0,0,0,0,0,0,0,0,0,0,0,8,1.97601,4347.12,7.37962,4.57394
Test,A100,256,16384,4194304,1073741824,128,10,137.439,1073741824,128,0,0,0,0,0,0,0,0,0,0,0,0,0,0,0,0,0,0,0,0,0,0,0,0,0,0,0,0,0,0,0,0,0,0,11.0067,12486.9,11.053,6.85071
Test,A100,256,16384,4194304,1073741824,128,10,137.439,1073741824,0,0,0,0,0,0,0,128,0,0,0,0,0,0,0,0,0,0,0,0,0,0,0,0,0,0,0,0,0,0,0,0,0,0,0,16.6275,8343.98,807.856,500.714
Test,A100,256,16384,4194304,1073741824,128,10,274.878,1073741824,0,0,0,0,0,0,0,0,0,0,0,0,0,0,256,0,0,0,0,0,0,0,0,0,0,0,0,0,0,0,0,0,0,0,0,15.0456,18269.6,3.0456,1.88768
Test,A100,256,16384,4194304,1073741824,128,10,137.439,1073741824,0,0,0,0,0,0,0,0,0,0,0,0,0,0,0,0,0,0,0,0,0,128,0,0,0,0,0,0,0,0,0,0,0,0,0,241.213,569.783,0.0560151,0.0347185
Test,A100,256,16384,4194304,1073741824,128,10,137.439,1073741824,0,0,0,0,0,0,0,0,0,0,0,0,0,0,0,0,0,0,0,0,0,0,0,0,0,0,0,0,128,0,0,0,0,0,0,87.7129,1566.92,0.245655,0.152259
Test,A100,256,16384,4194304,536870912,128,10,68.7195,1073741824,0,64,0,0,0,0,0,0,0,0,0,0,0,0,0,0,0,0,0,0,0,0,0,0,0,0,0,0,0,0,0,0,0,0,0,4.95974,13855.9,75.6785,46.906
Test,A100,256,16384,4194304,536870912,128,10,68.7195,1073741824,0,0,0,0,0,0,0,0,64,0,0,0,0,0,0,0,0,0,0,0,0,0,0,0,0,0,0,0,0,0,0,0,0,0,0,7.67252,8956.57,2.88075,1.78551
Test,A100,256,16384,4194304,536870912,128,10,137.439,1073741824,0,0,0,0,0,0,0,0,0,0,0,0,0,0,0,128,0,0,0,0,0,0,0,0,0,0,0,0,0,0,0,0,0,0,0,7.56378,18170.7,3.15976,1.95844
Test,A100,256,16384,4194304,536870912,128,10,68.7195,1073741824,0,0,0,0,0,0,0,0,0,0,0,0,0,0,0,0,0,0,0,0,0,0,64,0,0,0,0,0,0,0,0,0,0,0,0,120.738,569.164,0.0573974,0.0355753
Test,A100,256,16384,4194304,536870912,128,10,68.7195,1073741824,0,0,0,0,0,0,0,0,0,0,0,0,0,0,0,0,0,0,0,0,0,0,0,0,0,0,0,0,0,64,0,0,0,0,0,43.2559,1588.67,0.191381,0.118619
Test,A100,256,16384,4194304,268435456,128,10,34.3597,1073741824,0,0,32,0,0,0,0,0,0,0,0,0,0,0,0,0,0,0,0,0,0,0,0,0,0,0,0,0,0,0,0,0,0,0,0,2.06008,16678.8,7.22552,4.47842
Test,A100,256,16384,4194304,268435456,128,10,34.3597,1073741824,0,0,0,0,0,0,0,0,0,32,0,0,0,0,0,0,0,0,0,0,0,0,0,0,0,0,0,0,0,0,0,0,0,0,0,3.678,9341.96,2.80083,1.73597
Test,A100,256,16384,4194304,268435456,128,10,68.7195,1073741824,0,0,0,0,0,0,0,0,0,0,0,0,0,0,0,0,64,0,0,0,0,0,0,0,0,0,0,0,0,0,0,0,0,0,0,3.69132,18616.5,6.85276,4.24738
Test,A100,256,16384,4194304,268435456,128,10,34.3597,1073741824,0,0,0,0,0,0,0,0,0,0,0,0,0,0,0,0,0,0,0,0,0,0,0,32,0,0,0,0,0,0,0,0,0,0,0,49.7119,691.177,0.0787062,0.0487826
Test,A100,256,16384,4194304,268435456,128,10,34.3597,1073741824,0,0,0,0,0,0,0,0,0,0,0,0,0,0,0,0,0,0,0,0,0,0,0,0,0,0,0,0,0,0,32,0,0,0,0,21.6203,1589.23,0.354974,0.220015
Test,A100,256,16384,4194304,134217728,128,10,17.1799,1073741824,0,0,0,16,0,0,0,0,0,0,0,0,0,0,0,0,0,0,0,0,0,0,0,0,0,0,0,0,0,0,0,0,0,0,0,1.96157,8758.21,3.65789,2.26718
Test,A100,256,16384,4194304,134217728,128,10,17.1799,1073741824,0,0,0,0,0,0,0,0,0,0,16,0,0,0,0,0,0,0,0,0,0,0,0,0,0,0,0,0,0,0,0,0,0,0,0,7.74789,2217.36,0.32235,0.199795
Test,A100,256,16384,4194304,134217728,128,10,34.3597,1073741824,0,0,0,0,0,0,0,0,0,0,0,0,0,0,0,0,0,32,0,0,0,0,0,0,0,0,0,0,0,0,0,0,0,0,0,7.21644,4761.32,0.743208,0.460645
Test,A100,256,16384,4194304,134217728,128,10,17.1799,1073741824,0,0,0,0,0,0,0,0,0,0,0,0,0,0,0,0,0,0,0,0,0,0,0,0,16,0,0,0,0,0,0,0,0,0,0,32.4092,530.093,0.246106,0.152538
Test,A100,256,16384,4194304,134217728,128,10,17.1799,1073741824,0,0,0,0,0,0,0,0,0,0,0,0,0,0,0,0,0,0,0,0,0,0,0,0,0,0,0,0,0,0,0,16,0,0,0,11.2495,1527.17,0.356121,0.220726
Test,A100,256,16384,4194304,536870912,128,10,68.7195,1073741824,0,0,0,0,64,0,0,0,0,0,0,0,0,0,0,0,0,0,0,0,0,0,0,0,0,0,0,0,0,0,0,0,0,0,0,11.1004,6190.74,0.757518,0.469514
Test,A100,256,16384,4194304,536870912,128,10,68.7195,1073741824,0,0,0,0,0,0,0,0,0,0,0,64,0,0,0,0,0,0,0,0,0,0,0,0,0,0,0,0,0,0,0,0,0,0,0,11.0962,6193.08,1.36292,0.844746
Test,A100,256,16384,4194304,536870912,128,10,137.439,1073741824,0,0,0,0,0,0,0,0,0,0,0,0,0,0,0,0,0,0,128,0,0,0,0,0,0,0,0,0,0,0,0,0,0,0,0,21.8462,6291.2,1.06174,0.658072
Test,A100,256,16384,4194304,536870912,128,10,68.7195,1073741824,0,0,0,0,0,0,0,0,0,0,0,0,0,0,0,0,0,0,0,0,0,0,0,0,0,64,0,0,0,0,0,0,0,0,0,63.1233,1088.66,0.133767,0.0829095
Test,A100,256,16384,4194304,536870912,128,10,68.7195,1073741824,0,0,0,0,0,0,0,0,0,0,0,0,0,0,0,0,0,0,0,0,0,0,0,0,0,0,0,0,0,0,0,0,64,0,0,14.7954,4644.66,1.27886,0.792645
Test,A100,256,16384,4194304,268435456,128,10,34.3597,1073741824,0,0,0,0,0,32,0,0,0,0,0,0,0,0,0,0,0,0,0,0,0,0,0,0,0,0,0,0,0,0,0,0,0,0,0,3.60561,9529.53,2.55265,1.58215
Test,A100,256,16384,4194304,268435456,128,10,34.3597,1073741824,0,0,0,0,0,0,0,0,0,0,0,0,32,0,0,0,0,0,0,0,0,0,0,0,0,0,0,0,0,0,0,0,0,0,0,3.60622,9527.91,3.63972,2.25592
Test,A100,256,16384,4194304,268435456,128,10,68.7195,1073741824,0,0,0,0,0,0,0,0,0,0,0,0,0,0,0,0,0,0,0,64,0,0,0,0,0,0,0,0,0,0,0,0,0,0,0,3.60581,19058,5.43815,3.3706
Test,A100,256,16384,4194304,268435456,128,10,34.3597,1073741824,0,0,0,0,0,0,0,0,0,0,0,0,0,0,0,0,0,0,0,0,0,0,0,0,0,0,32,0,0,0,0,0,0,0,0,78.5309,437.532,0.0431474,0.0267431
Test,A100,256,16384,4194304,268435456,128,10,34.3597,1073741824,0,0,0,0,0,0,0,0,0,0,0,0,0,0,0,0,0,0,0,0,0,0,0,0,0,0,0,0,0,0,0,0,0,32,0,7.3941,4646.92,2.70841,1.67869
Test,A100,256,16384,4194304,134217728,128,10,17.1799,1073741824,0,0,0,0,0,0,16,0,0,0,0,0,0,0,0,0,0,0,0,0,0,0,0,0,0,0,0,0,0,0,0,0,0,0,0,3.60991,4759.09,1.48477,0.920267
Test,A100,256,16384,4194304,134217728,128,10,17.1799,1073741824,0,0,0,0,0,0,0,0,0,0,0,0,0,16,0,0,0,0,0,0,0,0,0,0,0,0,0,0,0,0,0,0,0,0,0,3.60806,4761.52,1.24624,0.772426
Test,A100,256,16384,4194304,134217728,128,10,34.3597,1073741824,0,0,0,0,0,0,0,0,0,0,0,0,0,0,0,0,0,0,0,0,32,0,0,0,0,0,0,0,0,0,0,0,0,0,0,3.60919,9520.07,3.45925,2.14407
Test,A100,256,16384,4194304,134217728,128,10,17.1799,1073741824,0,0,0,0,0,0,0,0,0,0,0,0,0,0,0,0,0,0,0,0,0,0,0,0,0,0,0,16,0,0,0,0,0,0,0,98.409,174.576,0.0205243,0.0127211
Test,A100,256,16384,4194304,134217728,128,10,17.1799,1073741824,0,0,0,0,0,0,0,0,0,0,0,0,0,0,0,0,0,0,0,0,0,0,0,0,0,0,0,0,0,0,0,0,0,0,16,3.80314,4517.29,4.23928,2.62754
Test,A100,256,16384,4194304,1073741824,256,10,274.878,1073741824,256,0,0,0,0,0,0,0,0,0,0,0,0,0,0,0,0,0,0,0,0,0,0,0,0,0,0,0,0,0,0,0,0,0,0,17.1204,16181.3,1468.98,910.486
Test,A100,256,16384,4194304,1073741824,256,10,274.878,1073741824,0,0,0,0,0,0,0,256,0,0,0,0,0,0,0,0,0,0,0,0,0,0,0,0,0,0,0,0,0,0,0,0,0,0,0,29.2995,9381.73,27.0862,16.7882
Test,A100,256,16384,4194304,1073741824,256,10,549.756,1073741824,0,0,0,0,0,0,0,0,0,0,0,0,0,0,512,0,0,0,0,0,0,0,0,0,0,0,0,0,0,0,0,0,0,0,0,29.3898,18705.7,1.74926,1.0842
Test,A100,256,16384,4194304,1073741824,256,10,274.878,1073741824,0,0,0,0,0,0,0,0,0,0,0,0,0,0,0,0,0,0,0,0,0,256,0,0,0,0,0,0,0,0,0,0,0,0,0,482.306,569.924,0.050703,0.031426
Test,A100,256,16384,4194304,1073741824,256,10,274.878,1073741824,0,0,0,0,0,0,0,0,0,0,0,0,0,0,0,0,0,0,0,0,0,0,0,0,0,0,0,0,256,0,0,0,0,0,0,175.391,1567.23,0.149046,0.0923794
Test,A100,256,16384,4194304,536870912,256,10,137.439,1073741824,0,128,0,0,0,0,0,0,0,0,0,0,0,0,0,0,0,0,0,0,0,0,0,0,0,0,0,0,0,0,0,0,0,0,0,7.61754,18042.4,3.75763,2.329
Test,A100,256,16384,4194304,536870912,256,10,137.439,1073741824,0,0,0,0,0,0,0,0,128,0,0,0,0,0,0,0,0,0,0,0,0,0,0,0,0,0,0,0,0,0,0,0,0,0,0,14.8312,9266.88,1.18674,0.735549
Test,A100,256,16384,4194304,536870912,256,10,274.878,1073741824,0,0,0,0,0,0,0,0,0,0,0,0,0,0,0,256,0,0,0,0,0,0,0,0,0,0,0,0,0,0,0,0,0,0,0,14.7315,18659.2,2.15467,1.33548
Test,A100,256,16384,4194304,536870912,256,10,137.439,1073741824,0,0,0,0,0,0,0,0,0,0,0,0,0,0,0,0,0,0,0,0,0,0,128,0,0,0,0,0,0,0,0,0,0,0,0,241.345,569.471,0.0527934,0.0327217
Test,A100,256,16384,4194304,536870912,256,10,137.439,1073741824,0,0,0,0,0,0,0,0,0,0,0,0,0,0,0,0,0,0,0,0,0,0,0,0,0,0,0,0,0,128,0,0,0,0,0,86.4823,1589.21,0.168339,0.104338
Test,A100,256,16384,4194304,268435456,256,10,68.7195,1073741824,0,0,64,0,0,0,0,0,0,0,0,0,0,0,0,0,0,0,0,0,0,0,0,0,0,0,0,0,0,0,0,0,0,0,0,3.81542,18011,3.74439,2.3208
Test,A100,256,16384,4194304,268435456,256,10,68.7195,1073741824,0,0,0,0,0,0,0,0,0,64,0,0,0,0,0,0,0,0,0,0,0,0,0,0,0,0,0,0,0,0,0,0,0,0,0,7.24552,9484.42,2.24621,1.39221
Test,A100,256,16384,4194304,268435456,256,10,137.439,1073741824,0,0,0,0,0,0,0,0,0,0,0,0,0,0,0,0,128,0,0,0,0,0,0,0,0,0,0,0,0,0,0,0,0,0,0,7.26436,18919.6,2.51572,1.55926
Test,A100,256,16384,4194304,268435456,256,10,68.7195,1073741824,0,0,0,0,0,0,0,0,0,0,0,0,0,0,0,0,0,0,0,0,0,0,0,64,0,0,0,0,0,0,0,0,0,0,0,105.387,652.068,0.222737,0.138054
Test,A100,256,16384,4194304,268435456,256,10,68.7195,1073741824,0,0,0,0,0,0,0,0,0,0,0,0,0,0,0,0,0,0,0,0,0,0,0,0,0,0,0,0,0,0,64,0,0,0,0,43.2329,1589.52,0.377231,0.23381
Test,A100,256,16384,4194304,134217728,256,10,34.3597,1073741824,0,0,0,32,0,0,0,0,0,0,0,0,0,0,0,0,0,0,0,0,0,0,0,0,0,0,0,0,0,0,0,0,0,0,0,3.7418,9182.68,2.85386,1.76884
Test,A100,256,16384,4194304,134217728,256,10,34.3597,1073741824,0,0,0,0,0,0,0,0,0,0,32,0,0,0,0,0,0,0,0,0,0,0,0,0,0,0,0,0,0,0,0,0,0,0,0,15.4364,2225.89,0.28929,0.179304
Test,A100,256,16384,4194304,134217728,256,10,68.7195,1073741824,0,0,0,0,0,0,0,0,0,0,0,0,0,0,0,0,0,64,0,0,0,0,0,0,0,0,0,0,0,0,0,0,0,0,0,14.3429,4791.2,0.593401,0.367794
Test,A100,256,16384,4194304,134217728,256,10,34.3597,1073741824,0,0,0,0,0,0,0,0,0,0,0,0,0,0,0,0,0,0,0,0,0,0,0,0,32,0,0,0,0,0,0,0,0,0,0,70.472,487.566,0.281572,0.17452
Test,A100,256,16384,4194304,134217728,256,10,34.3597,1073741824,0,0,0,0,0,0,0,0,0,0,0,0,0,0,0,0,0,0,0,0,0,0,0,0,0,0,0,0,0,0,0,32,0,0,0,22.4901,1527.77,0.206334,0.127887
Test,A100,256,16384,4194304,536870912,256,10,137.439,1073741824,0,0,0,0,128,0,0,0,0,0,0,0,0,0,0,0,0,0,0,0,0,0,0,0,0,0,0,0,0,0,0,0,0,0,0,21.8506,6289.93,0.688167,0.426531
Test,A100,256,16384,4194304,536870912,256,10,137.439,1073741824,0,0,0,0,0,0,0,0,0,0,0,128,0,0,0,0,0,0,0,0,0,0,0,0,0,0,0,0,0,0,0,0,0,0,0,21.8452,6291.5,0.882787,0.547157
Test,A100,256,16384,4194304,536870912,256,10,274.878,1073741824,0,0,0,0,0,0,0,0,0,0,0,0,0,0,0,0,0,0,256,0,0,0,0,0,0,0,0,0,0,0,0,0,0,0,0,43.3592,6339.55,0.742704,0.460333
Test,A100,256,16384,4194304,536870912,256,10,137.439,1073741824,0,0,0,0,0,0,0,0,0,0,0,0,0,0,0,0,0,0,0,0,0,0,0,0,0,128,0,0,0,0,0,0,0,0,0,132.456,1037.62,0.396379,0.245678
Test,A100,256,16384,4194304,536870912,256,10,137.439,1073741824,0,0,0,0,0,0,0,0,0,0,0,0,0,0,0,0,0,0,0,0,0,0,0,0,0,0,0,0,0,0,0,0,128,0,0,29.4199,4671.63,1.11956,0.693912
Test,A100,256,16384,4194304,268435456,256,10,68.7195,1073741824,0,0,0,0,0,64,0,0,0,0,0,0,0,0,0,0,0,0,0,0,0,0,0,0,0,0,0,0,0,0,0,0,0,0,0,7.1595,9598.36,1.37956,0.855063
Test,A100,256,16384,4194304,268435456,256,10,68.7195,1073741824,0,0,0,0,0,0,0,0,0,0,0,0,64,0,0,0,0,0,0,0,0,0,0,0,0,0,0,0,0,0,0,0,0,0,0,7.16001,9597.68,2.51613,1.55952
Test,A100,256,16384,4194304,268435456,256,10,137.439,1073741824,0,0,0,0,0,0,0,0,0,0,0,0,0,0,0,0,0,0,0,128,0,0,0,0,0,0,0,0,0,0,0,0,0,0,0,7.18131,19138.4,4.56685,2.83056
Test,A100,256,16384,4194304,268435456,256,10,68.7195,1073741824,0,0,0,0,0,0,0,0,0,0,0,0,0,0,0,0,0,0,0,0,0,0,0,0,0,0,64,0,0,0,0,0,0,0,0,162.301,423.408,0.619755,0.384128
Test,A100,256,16384,4194304,268435456,256,10,68.7195,1073741824,0,0,0,0,0,0,0,0,0,0,0,0,0,0,0,0,0,0,0,0,0,0,0,0,0,0,0,0,0,0,0,0,0,64,0,14.7637,4654.62,1.81909,1.12749
Test,A100,256,16384,4194304,134217728,256,10,34.3597,1073741824,0,0,0,0,0,0,32,0,0,0,0,0,0,0,0,0,0,0,0,0,0,0,0,0,0,0,0,0,0,0,0,0,0,0,0,7.17332,4789.93,0.95731,0.593347
Test,A100,256,16384,4194304,134217728,256,10,34.3597,1073741824,0,0,0,0,0,0,0,0,0,0,0,0,0,32,0,0,0,0,0,0,0,0,0,0,0,0,0,0,0,0,0,0,0,0,0,7.17117,4791.37,1.54328,0.956536
Test,A100,256,16384,4194304,134217728,256,10,68.7195,1073741824,0,0,0,0,0,0,0,0,0,0,0,0,0,0,0,0,0,0,0,0,64,0,0,0,0,0,0,0,0,0,0,0,0,0,0,7.17507,9577.54,1.42719,0.884581
Test,A100,256,16384,4194304,134217728,256,10,34.3597,1073741824,0,0,0,0,0,0,0,0,0,0,0,0,0,0,0,0,0,0,0,0,0,0,0,0,0,0,0,32,0,0,0,0,0,0,0,205.482,167.216,0.247286,0.15327
Test,A100,256,16384,4194304,134217728,256,10,34.3597,1073741824,0,0,0,0,0,0,0,0,0,0,0,0,0,0,0,0,0,0,0,0,0,0,0,0,0,0,0,0,0,0,0,0,0,0,32,7.43137,4623.64,13.223,8.19569
Test,A100,256,16384,4194304,1073741824,512,10,549.756,1073741824,512,0,0,0,0,0,0,0,0,0,0,0,0,0,0,0,0,0,0,0,0,0,0,0,0,0,0,0,0,0,0,0,0,0,0,30.7186,18004.6,1318.42,817.165
Test,A100,256,16384,4194304,1073741824,512,10,549.756,1073741824,0,0,0,0,0,0,0,512,0,0,0,0,0,0,0,0,0,0,0,0,0,0,0,0,0,0,0,0,0,0,0,0,0,0,0,58.0013,9478.34,1.24609,0.772333
Test,A100,256,16384,4194304,1073741824,512,10,1099.51,1073741824,0,0,0,0,0,0,0,0,0,0,0,0,0,0,1024,0,0,0,0,0,0,0,0,0,0,0,0,0,0,0,0,0,0,0,0,58.0536,18939.6,2.04799,1.26935
Test,A100,256,16384,4194304,1073741824,512,10,549.756,1073741824,0,0,0,0,0,0,0,0,0,0,0,0,0,0,0,0,0,0,0,0,0,512,0,0,0,0,0,0,0,0,0,0,0,0,0,964.233,570.148,0.0571565,0.035426
Test,A100,256,16384,4194304,1073741824,512,10,549.756,1073741824,0,0,0,0,0,0,0,0,0,0,0,0,0,0,0,0,0,0,0,0,0,0,0,0,0,0,0,0,512,0,0,0,0,0,0,350.663,1567.76,0.23089,0.143107
Test,A100,256,16384,4194304,536870912,512,10,274.878,1073741824,0,256,0,0,0,0,0,0,0,0,0,0,0,0,0,0,0,0,0,0,0,0,0,0,0,0,0,0,0,0,0,0,0,0,0,14.7717,18608.5,42.1469,26.1229
Test,A100,256,16384,4194304,536870912,512,10,274.878,1073741824,0,0,0,0,0,0,0,0,256,0,0,0,0,0,0,0,0,0,0,0,0,0,0,0,0,0,0,0,0,0,0,0,0,0,0,29.1264,9437.44,20.9431,12.9806
Test,A100,256,16384,4194304,536870912,512,10,549.756,1073741824,0,0,0,0,0,0,0,0,0,0,0,0,0,0,0,512,0,0,0,0,0,0,0,0,0,0,0,0,0,0,0,0,0,0,0,29.0639,18915.4,4.54054,2.81426
Test,A100,256,16384,4194304,536870912,512,10,274.878,1073741824,0,0,0,0,0,0,0,0,0,0,0,0,0,0,0,0,0,0,0,0,0,0,256,0,0,0,0,0,0,0,0,0,0,0,0,482.58,569.6,0.0506942,0.0314206
Test,A100,256,16384,4194304,536870912,512,10,274.878,1073741824,0,0,0,0,0,0,0,0,0,0,0,0,0,0,0,0,0,0,0,0,0,0,0,0,0,0,0,0,0,256,0,0,0,0,0,172.935,1589.49,0.326227,0.202198
Test,A100,256,16384,4194304,268435456,512,10,137.439,1073741824,0,0,128,0,0,0,0,0,0,0,0,0,0,0,0,0,0,0,0,0,0,0,0,0,0,0,0,0,0,0,0,0,0,0,0,7.4025,18566.6,3.80989,2.36139
Test,A100,256,16384,4194304,268435456,512,10,137.439,1073741824,0,0,0,0,0,0,0,0,0,128,0,0,0,0,0,0,0,0,0,0,0,0,0,0,0,0,0,0,0,0,0,0,0,0,0,14.3711,9563.55,2.06795,1.28173
Test,A100,256,16384,4194304,268435456,512,10,274.878,1073741824,0,0,0,0,0,0,0,0,0,0,0,0,0,0,0,0,256,0,0,0,0,0,0,0,0,0,0,0,0,0,0,0,0,0,0,14.3945,19096.1,2.8787,1.78424
Test,A100,256,16384,4194304,268435456,512,10,137.439,1073741824,0,0,0,0,0,0,0,0,0,0,0,0,0,0,0,0,0,0,0,0,0,0,0,128,0,0,0,0,0,0,0,0,0,0,0,228.701,600.955,0.16841,0.104382
Test,A100,256,16384,4194304,268435456,512,10,137.439,1073741824,0,0,0,0,0,0,0,0,0,0,0,0,0,0,0,0,0,0,0,0,0,0,0,0,0,0,0,0,0,0,128,0,0,0,0,86.4243,1590.28,0.169168,0.104852
Test,A100,256,16384,4194304,134217728,512,10,68.7195,1073741824,0,0,0,64,0,0,0,0,0,0,0,0,0,0,0,0,0,0,0,0,0,0,0,0,0,0,0,0,0,0,0,0,0,0,0,7.31392,9395.71,3.6858,2.28448
Test,A100,256,16384,4194304,134217728,512,10,68.7195,1073741824,0,0,0,0,0,0,0,0,0,0,64,0,0,0,0,0,0,0,0,0,0,0,0,0,0,0,0,0,0,0,0,0,0,0,0,30.7979,2231.3,0.260048,0.161179
Test,A100,256,16384,4194304,134217728,512,10,137.439,1073741824,0,0,0,0,0,0,0,0,0,0,0,0,0,0,0,0,0,128,0,0,0,0,0,0,0,0,0,0,0,0,0,0,0,0,0,28.5772,4809.4,0.906086,0.561598
Test,A100,256,16384,4194304,134217728,512,10,68.7195,1073741824,0,0,0,0,0,0,0,0,0,0,0,0,0,0,0,0,0,0,0,0,0,0,0,0,64,0,0,0,0,0,0,0,0,0,0,149.635,459.248,0.253001,0.156811
Test,A100,256,16384,4194304,134217728,512,10,68.7195,1073741824,0,0,0,0,0,0,0,0,0,0,0,0,0,0,0,0,0,0,0,0,0,0,0,0,0,0,0,0,0,0,0,64,0,0,0,44.9758,1527.92,0.13386,0.082967
Test,A100,256,16384,4194304,536870912,512,10,274.878,1073741824,0,0,0,0,256,0,0,0,0,0,0,0,0,0,0,0,0,0,0,0,0,0,0,0,0,0,0,0,0,0,0,0,0,0,0,43.3492,6341.02,0.774976,0.480335
Test,A100,256,16384,4194304,536870912,512,10,274.878,1073741824,0,0,0,0,0,0,0,0,0,0,0,256,0,0,0,0,0,0,0,0,0,0,0,0,0,0,0,0,0,0,0,0,0,0,0,43.3256,6344.46,1.3692,0.848639
Test,A100,256,16384,4194304,536870912,512,10,549.756,1073741824,0,0,0,0,0,0,0,0,0,0,0,0,0,0,0,0,0,0,512,0,0,0,0,0,0,0,0,0,0,0,0,0,0,0,0,92.5083,5942.78,1.53862,0.953649
Test,A100,256,16384,4194304,536870912,512,10,274.878,1073741824,0,0,0,0,0,0,0,0,0,0,0,0,0,0,0,0,0,0,0,0,0,0,0,0,0,256,0,0,0,0,0,0,0,0,0,294.674,932.821,0.257097,0.159351
Test,A100,256,16384,4194304,536870912,512,10,274.878,1073741824,0,0,0,0,0,0,0,0,0,0,0,0,0,0,0,0,0,0,0,0,0,0,0,0,0,0,0,0,0,0,0,0,256,0,0,58.7658,4677.51,0.690822,0.428176
Test,A100,256,16384,4194304,268435456,512,10,137.439,1073741824,0,0,0,0,0,128,0,0,0,0,0,0,0,0,0,0,0,0,0,0,0,0,0,0,0,0,0,0,0,0,0,0,0,0,0,14.2692,9631.84,1.22831,0.761316
Test,A100,256,16384,4194304,268435456,512,10,137.439,1073741824,0,0,0,0,0,0,0,0,0,0,0,0,128,0,0,0,0,0,0,0,0,0,0,0,0,0,0,0,0,0,0,0,0,0,0,14.2728,9629.42,1.07224,0.664584
Test,A100,256,16384,4194304,268435456,512,10,274.878,1073741824,0,0,0,0,0,0,0,0,0,0,0,0,0,0,0,0,0,0,0,256,0,0,0,0,0,0,0,0,0,0,0,0,0,0,0,14.3106,19208,2.44316,1.51428
Test,A100,256,16384,4194304,268435456,512,10,137.439,1073741824,0,0,0,0,0,0,0,0,0,0,0,0,0,0,0,0,0,0,0,0,0,0,0,0,0,0,128,0,0,0,0,0,0,0,0,360.619,381.12,0.107373,0.0665506
Test,A100,256,16384,4194304,268435456,512,10,137.439,1073741824,0,0,0,0,0,0,0,0,0,0,0,0,0,0,0,0,0,0,0,0,0,0,0,0,0,0,0,0,0,0,0,0,0,128,0,29.4923,4660.16,0.927938,0.575142
Test,A100,256,16384,4194304,134217728,512,10,68.7195,1073741824,0,0,0,0,0,0,64,0,0,0,0,0,0,0,0,0,0,0,0,0,0,0,0,0,0,0,0,0,0,0,0,0,0,0,0,14.2911,4808.53,0.89582,0.555235
Test,A100,256,16384,4194304,134217728,512,10,68.7195,1073741824,0,0,0,0,0,0,0,0,0,0,0,0,0,64,0,0,0,0,0,0,0,0,0,0,0,0,0,0,0,0,0,0,0,0,0,14.2822,4811.53,0.744043,0.461163
Test,A100,256,16384,4194304,134217728,512,10,137.439,1073741824,0,0,0,0,0,0,0,0,0,0,0,0,0,0,0,0,0,0,0,0,128,0,0,0,0,0,0,0,0,0,0,0,0,0,0,14.2897,9618.03,1.26326,0.782974
Test,A100,256,16384,4194304,134217728,512,10,68.7195,1073741824,0,0,0,0,0,0,0,0,0,0,0,0,0,0,0,0,0,0,0,0,0,0,0,0,0,0,0,64,0,0,0,0,0,0,0,436.098,157.578,0.0915721,0.056757
Test,A100,256,16384,4194304,134217728,512,10,68.7195,1073741824,0,0,0,0,0,0,0,0,0,0,0,0,0,0,0,0,0,0,0,0,0,0,0,0,0,0,0,0,0,0,0,0,0,0,64,14.7517,4658.4,1.87854,1.16433
Test,A100,256,16384,4194304,1073741824,1024,10,1099.51,1073741824,1024,0,0,0,0,0,0,0,0,0,0,0,0,0,0,0,0,0,0,0,0,0,0,0,0,0,0,0,0,0,0,0,0,0,0,61.0407,18123.9,1354.3,839.406
Test,A100,256,16384,4194304,1073741824,1024,10,1099.51,1073741824,0,0,0,0,0,0,0,1024,0,0,0,0,0,0,0,0,0,0,0,0,0,0,0,0,0,0,0,0,0,0,0,0,0,0,0,115.325,9534.02,1.6715,1.03601
Test,A100,256,16384,4194304,1073741824,1024,10,2199.02,1073741824,0,0,0,0,0,0,0,0,0,0,0,0,0,0,2048,0,0,0,0,0,0,0,0,0,0,0,0,0,0,0,0,0,0,0,0,115.369,19060.8,2.82237,1.74933
Test,A100,256,16384,4194304,1073741824,1024,10,1099.51,1073741824,0,0,0,0,0,0,0,0,0,0,0,0,0,0,0,0,0,0,0,0,0,1024,0,0,0,0,0,0,0,0,0,0,0,0,0,1929.09,569.965,0.0881612,0.0546428
Test,A100,256,16384,4194304,1073741824,1024,10,1099.51,1073741824,0,0,0,0,0,0,0,0,0,0,0,0,0,0,0,0,0,0,0,0,0,0,0,0,0,0,0,0,1024,0,0,0,0,0,0,701.591,1567.17,0.206426,0.127944
Test,A100,256,16384,4194304,536870912,1024,10,549.756,1073741824,0,512,0,0,0,0,0,0,0,0,0,0,0,0,0,0,0,0,0,0,0,0,0,0,0,0,0,0,0,0,0,0,0,0,0,29.1112,18884.7,1.52789,0.946995
Test,A100,256,16384,4194304,536870912,1024,10,549.756,1073741824,0,0,0,0,0,0,0,0,512,0,0,0,0,0,0,0,0,0,0,0,0,0,0,0,0,0,0,0,0,0,0,0,0,0,0,57.8247,9507.29,0.829074,0.513866
Test,A100,256,16384,4194304,536870912,1024,10,1099.51,1073741824,0,0,0,0,0,0,0,0,0,0,0,0,0,0,0,1024,0,0,0,0,0,0,0,0,0,0,0,0,0,0,0,0,0,0,0,57.7369,19043.5,2.73081,1.69257
Test,A100,256,16384,4194304,536870912,1024,10,549.756,1073741824,0,0,0,0,0,0,0,0,0,0,0,0,0,0,0,0,0,0,0,0,0,0,512,0,0,0,0,0,0,0,0,0,0,0,0,965.73,569.265,0.0410188,0.0254237
Test,A100,256,16384,4194304,536870912,1024,10,549.756,1073741824,0,0,0,0,0,0,0,0,0,0,0,0,0,0,0,0,0,0,0,0,0,0,0,0,0,0,0,0,0,512,0,0,0,0,0,345.904,1589.33,0.253458,0.157095
Test,A100,256,16384,4194304,268435456,1024,10,274.878,1073741824,0,0,256,0,0,0,0,0,0,0,0,0,0,0,0,0,0,0,0,0,0,0,0,0,0,0,0,0,0,0,0,0,0,0,0,14.573,18862.2,2.9753,1.84411
Test,A100,256,16384,4194304,268435456,1024,10,274.878,1073741824,0,0,0,0,0,0,0,0,0,256,0,0,0,0,0,0,0,0,0,0,0,0,0,0,0,0,0,0,0,0,0,0,0,0,0,28.629,9601.38,2.12299,1.31584
Test,A100,256,16384,4194304,268435456,1024,10,549.756,1073741824,0,0,0,0,0,0,0,0,0,0,0,0,0,0,0,0,512,0,0,0,0,0,0,0,0,0,0,0,0,0,0,0,0,0,0,28.6458,19191.5,2.64326,1.63831
Test,A100,256,16384,4194304,268435456,1024,10,274.878,1073741824,0,0,0,0,0,0,0,0,0,0,0,0,0,0,0,0,0,0,0,0,0,0,0,256,0,0,0,0,0,0,0,0,0,0,0,492.419,558.219,0.144449,0.0895305
Test,A100,256,16384,4194304,268435456,1024,10,274.878,1073741824,0,0,0,0,0,0,0,0,0,0,0,0,0,0,0,0,0,0,0,0,0,0,0,0,0,0,0,0,0,0,256,0,0,0,0,172.892,1589.88,0.139887,0.0867027
Test,A100,256,16384,4194304,134217728,1024,10,137.439,1073741824,0,0,0,128,0,0,0,0,0,0,0,0,0,0,0,0,0,0,0,0,0,0,0,0,0,0,0,0,0,0,0,0,0,0,0,14.4415,9517.04,27.2344,16.8801
Test,A100,256,16384,4194304,134217728,1024,10,137.439,1073741824,0,0,0,0,0,0,0,0,0,0,128,0,0,0,0,0,0,0,0,0,0,0,0,0,0,0,0,0,0,0,0,0,0,0,0,62.41,2202.19,0.530758,0.328967
Test,A100,256,16384,4194304,134217728,1024,10,274.878,1073741824,0,0,0,0,0,0,0,0,0,0,0,0,0,0,0,0,0,256,0,0,0,0,0,0,0,0,0,0,0,0,0,0,0,0,0,57.1146,4812.74,0.711548,0.441022
Test,A100,256,16384,4194304,134217728,1024,10,137.439,1073741824,0,0,0,0,0,0,0,0,0,0,0,0,0,0,0,0,0,0,0,0,0,0,0,0,128,0,0,0,0,0,0,0,0,0,0,310.745,442.289,0.294765,0.182697
Test,A100,256,16384,4194304,134217728,1024,10,137.439,1073741824,0,0,0,0,0,0,0,0,0,0,0,0,0,0,0,0,0,0,0,0,0,0,0,0,0,0,0,0,0,0,0,128,0,0,0,89.9467,1528,0.208669,0.129335
Test,A100,256,16384,4194304,536870912,1024,10,549.756,1073741824,0,0,0,0,512,0,0,0,0,0,0,0,0,0,0,0,0,0,0,0,0,0,0,0,0,0,0,0,0,0,0,0,0,0,0,92.6292,5935.02,1.58491,0.98234
Test,A100,256,16384,4194304,536870912,1024,10,549.756,1073741824,0,0,0,0,0,0,0,0,0,0,0,512,0,0,0,0,0,0,0,0,0,0,0,0,0,0,0,0,0,0,0,0,0,0,0,92.6268,5935.17,1.46894,0.910456
Test,A100,256,16384,4194304,536870912,1024,10,1099.51,1073741824,0,0,0,0,0,0,0,0,0,0,0,0,0,0,0,0,0,0,1024,0,0,0,0,0,0,0,0,0,0,0,0,0,0,0,0,220.009,4997.57,2.41268,1.4954
Test,A100,256,16384,4194304,536870912,1024,10,549.756,1073741824,0,0,0,0,0,0,0,0,0,0,0,0,0,0,0,0,0,0,0,0,0,0,0,0,0,512,0,0,0,0,0,0,0,0,0,636.755,863.371,0.386618,0.239628
Test,A100,256,16384,4194304,536870912,1024,10,549.756,1073741824,0,0,0,0,0,0,0,0,0,0,0,0,0,0,0,0,0,0,0,0,0,0,0,0,0,0,0,0,0,0,0,0,512,0,0,117.803,4666.76,0.667013,0.413419
Test,A100,256,16384,4194304,268435456,1024,10,274.878,1073741824,0,0,0,0,0,256,0,0,0,0,0,0,0,0,0,0,0,0,0,0,0,0,0,0,0,0,0,0,0,0,0,0,0,0,0,28.5337,9633.46,0.933439,0.578551
Test,A100,256,16384,4194304,268435456,1024,10,274.878,1073741824,0,0,0,0,0,0,0,0,0,0,0,0,256,0,0,0,0,0,0,0,0,0,0,0,0,0,0,0,0,0,0,0,0,0,0,28.529,9635.02,1.73038,1.0725
Test,A100,256,16384,4194304,268435456,1024,10,549.756,1073741824,0,0,0,0,0,0,0,0,0,0,0,0,0,0,0,0,0,0,0,512,0,0,0,0,0,0,0,0,0,0,0,0,0,0,0,28.5939,19226.4,2.50266,1.55117
Test,A100,256,16384,4194304,268435456,1024,10,274.878,1073741824,0,0,0,0,0,0,0,0,0,0,0,0,0,0,0,0,0,0,0,0,0,0,0,0,0,0,256,0,0,0,0,0,0,0,0,726.886,378.158,0.124053,0.0768887
Test,A100,256,16384,4194304,268435456,1024,10,274.878,1073741824,0,0,0,0,0,0,0,0,0,0,0,0,0,0,0,0,0,0,0,0,0,0,0,0,0,0,0,0,0,0,0,0,0,256,0,59.0051,4658.54,0.560993,0.347707
Test,A100,256,16384,4194304,134217728,1024,10,137.439,1073741824,0,0,0,0,0,0,128,0,0,0,0,0,0,0,0,0,0,0,0,0,0,0,0,0,0,0,0,0,0,0,0,0,0,0,0,28.5459,4814.66,0.531877,0.329661
Test,A100,256,16384,4194304,134217728,1024,10,137.439,1073741824,0,0,0,0,0,0,0,0,0,0,0,0,0,128,0,0,0,0,0,0,0,0,0,0,0,0,0,0,0,0,0,0,0,0,0,28.53,4817.35,0.604214,0.374496
Test,A100,256,16384,4194304,134217728,1024,10,274.878,1073741824,0,0,0,0,0,0,0,0,0,0,0,0,0,0,0,0,0,0,0,0,256,0,0,0,0,0,0,0,0,0,0,0,0,0,0,28.5449,9629.66,1.60171,0.992752
Test,A100,256,16384,4194304,134217728,1024,10,137.439,1073741824,0,0,0,0,0,0,0,0,0,0,0,0,0,0,0,0,0,0,0,0,0,0,0,0,0,0,0,128,0,0,0,0,0,0,0,961.02,143.014,0.0547086,0.0339088
Test,A100,256,16384,4194304,134217728,1024,10,137.439,1073741824,0,0,0,0,0,0,0,0,0,0,0,0,0,0,0,0,0,0,0,0,0,0,0,0,0,0,0,0,0,0,0,0,0,0,128,29.4287,4670.23,1.83325,1.13626
Test,A100,256,16384,4194304,1073741824,2048,10,2199.02,1073741824,2048,0,0,0,0,0,0,0,0,0,0,0,0,0,0,0,0,0,0,0,0,0,0,0,0,0,0,0,0,0,0,0,0,0,0,116.8,18870.8,851.345,527.669
Test,A100,256,16384,4194304,1073741824,2048,10,2199.02,1073741824,0,0,0,0,0,0,0,2048,0,0,0,0,0,0,0,0,0,0,0,0,0,0,0,0,0,0,0,0,0,0,0,0,0,0,0,245.446,8959.31,4.8508,3.00656
Test,A100,256,16384,4194304,1073741824,2048,10,4398.05,1073741824,0,0,0,0,0,0,0,0,0,0,0,0,0,0,4096,0,0,0,0,0,0,0,0,0,0,0,0,0,0,0,0,0,0,0,0,245.524,17912.9,5.53978,3.43359
Test,A100,256,16384,4194304,1073741824,2048,10,2199.02,1073741824,0,0,0,0,0,0,0,0,0,0,0,0,0,0,0,0,0,0,0,0,0,2048,0,0,0,0,0,0,0,0,0,0,0,0,0,3891.96,565.017,0.0972939,0.0603034
Test,A100,256,16384,4194304,1073741824,2048,10,2199.02,1073741824,0,0,0,0,0,0,0,0,0,0,0,0,0,0,0,0,0,0,0,0,0,0,0,0,0,0,0,0,2048,0,0,0,0,0,0,1419.92,1548.7,0.235855,0.146184
Test,A100,256,16384,4194304,536870912,2048,10,1099.51,1073741824,0,1024,0,0,0,0,0,0,0,0,0,0,0,0,0,0,0,0,0,0,0,0,0,0,0,0,0,0,0,0,0,0,0,0,0,57.5185,19115.9,54.4722,33.7622
Test,A100,256,16384,4194304,536870912,2048,10,1099.51,1073741824,0,0,0,0,0,0,0,0,1024,0,0,0,0,0,0,0,0,0,0,0,0,0,0,0,0,0,0,0,0,0,0,0,0,0,0,124.209,8852.14,6.2817,3.89344
Test,A100,256,16384,4194304,536870912,2048,10,2199.02,1073741824,0,0,0,0,0,0,0,0,0,0,0,0,0,0,0,2048,0,0,0,0,0,0,0,0,0,0,0,0,0,0,0,0,0,0,0,124.366,17681.9,7.61366,4.71899
Test,A100,256,16384,4194304,536870912,2048,10,1099.51,1073741824,0,0,0,0,0,0,0,0,0,0,0,0,0,0,0,0,0,0,0,0,0,0,1024,0,0,0,0,0,0,0,0,0,0,0,0,1959.45,561.133,0.112122,0.0694938
Test,A100,256,16384,4194304,536870912,2048,10,1099.51,1073741824,0,0,0,0,0,0,0,0,0,0,0,0,0,0,0,0,0,0,0,0,0,0,0,0,0,0,0,0,0,1024,0,0,0,0,0,694.202,1583.85,0.186157,0.115381
Test,A100,256,16384,4194304,268435456,2048,10,549.756,1073741824,0,0,512,0,0,0,0,0,0,0,0,0,0,0,0,0,0,0,0,0,0,0,0,0,0,0,0,0,0,0,0,0,0,0,0,28.9228,19007.7,2.05089,1.27116
Test,A100,256,16384,4194304,268435456,2048,10,549.756,1073741824,0,0,0,0,0,0,0,0,0,512,0,0,0,0,0,0,0,0,0,0,0,0,0,0,0,0,0,0,0,0,0,0,0,0,0,57.1193,9624.69,1.29192,0.80074
Test,A100,256,16384,4194304,268435456,2048,10,1099.51,1073741824,0,0,0,0,0,0,0,0,0,0,0,0,0,0,0,0,1024,0,0,0,0,0,0,0,0,0,0,0,0,0,0,0,0,0,0,57.149,19239.4,3.56377,2.20885
Test,A100,256,16384,4194304,268435456,2048,10,549.756,1073741824,0,0,0,0,0,0,0,0,0,0,0,0,0,0,0,0,0,0,0,0,0,0,0,512,0,0,0,0,0,0,0,0,0,0,0,1011.01,543.77,0.0817131,0.0506463
Test,A100,256,16384,4194304,268435456,2048,10,549.756,1073741824,0,0,0,0,0,0,0,0,0,0,0,0,0,0,0,0,0,0,0,0,0,0,0,0,0,0,0,0,0,0,512,0,0,0,0,347.463,1582.2,0.162199,0.100532
Test,A100,256,16384,4194304,134217728,2048,10,274.878,1073741824,0,0,0,256,0,0,0,0,0,0,0,0,0,0,0,0,0,0,0,0,0,0,0,0,0,0,0,0,0,0,0,0,0,0,0,33.7594,8142.26,3.39551,2.10456
Test,A100,256,16384,4194304,134217728,2048,10,274.878,1073741824,0,0,0,0,0,0,0,0,0,0,256,0,0,0,0,0,0,0,0,0,0,0,0,0,0,0,0,0,0,0,0,0,0,0,0,135.766,2024.64,0.736092,0.456235
Test,A100,256,16384,4194304,134217728,2048,10,549.756,1073741824,0,0,0,0,0,0,0,0,0,0,0,0,0,0,0,0,0,512,0,0,0,0,0,0,0,0,0,0,0,0,0,0,0,0,0,117.941,4661.27,3.72117,2.30641
Test,A100,256,16384,4194304,134217728,2048,10,274.878,1073741824,0,0,0,0,0,0,0,0,0,0,0,0,0,0,0,0,0,0,0,0,0,0,0,0,256,0,0,0,0,0,0,0,0,0,0,633.335,434.017,0.362959,0.224964
Test,A100,256,16384,4194304,134217728,2048,10,274.878,1073741824,0,0,0,0,0,0,0,0,0,0,0,0,0,0,0,0,0,0,0,0,0,0,0,0,0,0,0,0,0,0,0,256,0,0,0,179.915,1527.82,0.190227,0.117904
Test,A100,256,16384,4194304,536870912,2048,10,1099.51,1073741824,0,0,0,0,1024,0,0,0,0,0,0,0,0,0,0,0,0,0,0,0,0,0,0,0,0,0,0,0,0,0,0,0,0,0,0,219.982,4998.2,1.58851,0.984566
Test,A100,256,16384,4194304,536870912,2048,10,1099.51,1073741824,0,0,0,0,0,0,0,0,0,0,0,1024,0,0,0,0,0,0,0,0,0,0,0,0,0,0,0,0,0,0,0,0,0,0,0,219.944,4999.06,0.952152,0.59015
Test,A100,256,16384,4194304,536870912,2048,10,2199.02,1073741824,0,0,0,0,0,0,0,0,0,0,0,0,0,0,0,0,0,0,2048,0,0,0,0,0,0,0,0,0,0,0,0,0,0,0,0,470,4678.77,2.29154,1.42031
Test,A100,256,16384,4194304,536870912,2048,10,1099.51,1073741824,0,0,0,0,0,0,0,0,0,0,0,0,0,0,0,0,0,0,0,0,0,0,0,0,0,1024,0,0,0,0,0,0,0,0,0,1271.95,864.429,0.394377,0.244437
Test,A100,256,16384,4194304,536870912,2048,10,1099.51,1073741824,0,0,0,0,0,0,0,0,0,0,0,0,0,0,0,0,0,0,0,0,0,0,0,0,0,0,0,0,0,0,0,0,1024,0,0,245.717,4474.72,7.88171,4.88513
Test,A100,256,16384,4194304,268435456,2048,10,549.756,1073741824,0,0,0,0,0,512,0,0,0,0,0,0,0,0,0,0,0,0,0,0,0,0,0,0,0,0,0,0,0,0,0,0,0,0,0,56.987,9647.03,1.56232,0.968338
Test,A100,256,16384,4194304,268435456,2048,10,549.756,1073741824,0,0,0,0,0,0,0,0,0,0,0,0,512,0,0,0,0,0,0,0,0,0,0,0,0,0,0,0,0,0,0,0,0,0,0,56.9829,9647.73,2.26363,1.40301
Test,A100,256,16384,4194304,268435456,2048,10,1099.51,1073741824,0,0,0,0,0,0,0,0,0,0,0,0,0,0,0,0,0,0,0,1024,0,0,0,0,0,0,0,0,0,0,0,0,0,0,0,57.1122,19251.8,3.4393,2.1317
Test,A100,256,16384,4194304,268435456,2048,10,549.756,1073741824,0,0,0,0,0,0,0,0,0,0,0,0,0,0,0,0,0,0,0,0,0,0,0,0,0,0,512,0,0,0,0,0,0,0,0,1595.46,344.574,0.119258,0.0739171
Test,A100,256,16384,4194304,268435456,2048,10,549.756,1073741824,0,0,0,0,0,0,0,0,0,0,0,0,0,0,0,0,0,0,0,0,0,0,0,0,0,0,0,0,0,0,0,0,0,512,0,118.136,4653.61,10.8069,6.69816
Test,A100,256,16384,4194304,134217728,2048,10,274.878,1073741824,0,0,0,0,0,0,256,0,0,0,0,0,0,0,0,0,0,0,0,0,0,0,0,0,0,0,0,0,0,0,0,0,0,0,0,57.0472,4818.43,0.917481,0.56866
Test,A100,256,16384,4194304,134217728,2048,10,274.878,1073741824,0,0,0,0,0,0,0,0,0,0,0,0,0,256,0,0,0,0,0,0,0,0,0,0,0,0,0,0,0,0,0,0,0,0,0,57.0153,4821.13,0.663926,0.411506
Test,A100,256,16384,4194304,134217728,2048,10,549.756,1073741824,0,0,0,0,0,0,0,0,0,0,0,0,0,0,0,0,0,0,0,0,512,0,0,0,0,0,0,0,0,0,0,0,0,0,0,57.0404,9638.01,1.37392,0.851564
Test,A100,256,16384,4194304,134217728,2048,10,274.878,1073741824,0,0,0,0,0,0,0,0,0,0,0,0,0,0,0,0,0,0,0,0,0,0,0,0,0,0,0,256,0,0,0,0,0,0,0,2036.36,134.985,0.0362505,0.0224683
Test,A100,256,16384,4194304,134217728,2048,10,274.878,1073741824,0,0,0,0,0,0,0,0,0,0,0,0,0,0,0,0,0,0,0,0,0,0,0,0,0,0,0,0,0,0,0,0,0,0,256,58.9209,4665.33,23.4626,14.5423
Test,A100,256,16384,4194304,1073741824,4096,10,4398.05,1073741824,4096,0,0,0,0,0,0,0,0,0,0,0,0,0,0,0,0,0,0,0,0,0,0,0,0,0,0,0,0,0,0,0,0,0,0,245.307,17928.8,15.1545,9.39284
Test,A100,256,16384,4194304,1073741824,4096,10,4398.05,1073741824,0,0,0,0,0,0,0,4096,0,0,0,0,0,0,0,0,0,0,0,0,0,0,0,0,0,0,0,0,0,0,0,0,0,0,0,569.2,7726.72,3.24562,2.01165
Test,A100,256,16384,4194304,1073741824,4096,10,8796.09,1073741824,0,0,0,0,0,0,0,0,0,0,0,0,0,0,8192,0,0,0,0,0,0,0,0,0,0,0,0,0,0,0,0,0,0,0,0,569.402,15448,10.6332,6.5905
Test,A100,256,16384,4194304,1073741824,4096,10,4398.05,1073741824,0,0,0,0,0,0,0,0,0,0,0,0,0,0,0,0,0,0,0,0,0,4096,0,0,0,0,0,0,0,0,0,0,0,0,0,7672.79,573.201,0.0906935,0.0562124
Test,A100,256,16384,4194304,1073741824,4096,10,4398.05,1073741824,0,0,0,0,0,0,0,0,0,0,0,0,0,0,0,0,0,0,0,0,0,0,0,0,0,0,0,0,4096,0,0,0,0,0,0,3056.24,1439.04,0.150205,0.0930979
Test,A100,256,16384,4194304,536870912,4096,10,2199.02,1073741824,0,2048,0,0,0,0,0,0,0,0,0,0,0,0,0,0,0,0,0,0,0,0,0,0,0,0,0,0,0,0,0,0,0,0,0,124.479,17665.8,8.05445,4.9922
Test,A100,256,16384,4194304,536870912,4096,10,2199.02,1073741824,0,0,0,0,0,0,0,0,2048,0,0,0,0,0,0,0,0,0,0,0,0,0,0,0,0,0,0,0,0,0,0,0,0,0,0,289.388,7598.88,4.75764,2.94881
Test,A100,256,16384,4194304,536870912,4096,10,4398.05,1073741824,0,0,0,0,0,0,0,0,0,0,0,0,0,0,0,4096,0,0,0,0,0,0,0,0,0,0,0,0,0,0,0,0,0,0,0,289.254,15204.8,9.52778,5.90538
Test,A100,256,16384,4194304,536870912,4096,10,2199.02,1073741824,0,0,0,0,0,0,0,0,0,0,0,0,0,0,0,0,0,0,0,0,0,0,2048,0,0,0,0,0,0,0,0,0,0,0,0,3834.39,573.5,0.0659257,0.0408612
Test,A100,256,16384,4194304,536870912,4096,10,2199.02,1073741824,0,0,0,0,0,0,0,0,0,0,0,0,0,0,0,0,0,0,0,0,0,0,0,0,0,0,0,0,0,2048,0,0,0,0,0,1443.81,1523.07,0.455898,0.282569
Test,A100,256,16384,4194304,268435456,4096,10,1099.51,1073741824,0,0,1024,0,0,0,0,0,0,0,0,0,0,0,0,0,0,0,0,0,0,0,0,0,0,0,0,0,0,0,0,0,0,0,0,64.1996,17126.5,5.62647,3.48732
Test,A100,256,16384,4194304,268435456,4096,10,1099.51,1073741824,0,0,0,0,0,0,0,0,0,1024,0,0,0,0,0,0,0,0,0,0,0,0,0,0,0,0,0,0,0,0,0,0,0,0,0,114.017,9643.36,1.22629,0.760065
Test,A100,256,16384,4194304,268435456,4096,10,2199.02,1073741824,0,0,0,0,0,0,0,0,0,0,0,0,0,0,0,0,2048,0,0,0,0,0,0,0,0,0,0,0,0,0,0,0,0,0,0,114.044,19282.3,1.99623,1.23728
Test,A100,256,16384,4194304,268435456,4096,10,1099.51,1073741824,0,0,0,0,0,0,0,0,0,0,0,0,0,0,0,0,0,0,0,0,0,0,0,1024,0,0,0,0,0,0,0,0,0,0,0,1991.55,552.089,0.195703,0.121298
Test,A100,256,16384,4194304,268435456,4096,10,1099.51,1073741824,0,0,0,0,0,0,0,0,0,0,0,0,0,0,0,0,0,0,0,0,0,0,0,0,0,0,0,0,0,0,1024,0,0,0,0,724.068,1518.52,0.661565,0.410042
Test,A100,256,16384,4194304,134217728,4096,10,549.756,1073741824,0,0,0,512,0,0,0,0,0,0,0,0,0,0,0,0,0,0,0,0,0,0,0,0,0,0,0,0,0,0,0,0,0,0,0,74.7326,7356.31,4.20348,2.60534
Test,A100,256,16384,4194304,134217728,4096,10,549.756,1073741824,0,0,0,0,0,0,0,0,0,0,512,0,0,0,0,0,0,0,0,0,0,0,0,0,0,0,0,0,0,0,0,0,0,0,0,292.973,1876.47,0.760886,0.471602
Test,A100,256,16384,4194304,134217728,4096,10,1099.51,1073741824,0,0,0,0,0,0,0,0,0,0,0,0,0,0,0,0,0,1024,0,0,0,0,0,0,0,0,0,0,0,0,0,0,0,0,0,272.643,4032.79,3.88816,2.4099
Test,A100,256,16384,4194304,134217728,4096,10,549.756,1073741824,0,0,0,0,0,0,0,0,0,0,0,0,0,0,0,0,0,0,0,0,0,0,0,0,512,0,0,0,0,0,0,0,0,0,0,1256.25,437.617,0.144699,0.0896851
Test,A100,256,16384,4194304,134217728,4096,10,549.756,1073741824,0,0,0,0,0,0,0,0,0,0,0,0,0,0,0,0,0,0,0,0,0,0,0,0,0,0,0,0,0,0,0,512,0,0,0,372.181,1477.12,1.17216,0.726512
Test,A100,256,16384,4194304,536870912,4096,10,2199.02,1073741824,0,0,0,0,2048,0,0,0,0,0,0,0,0,0,0,0,0,0,0,0,0,0,0,0,0,0,0,0,0,0,0,0,0,0,0,469.763,4681.13,1.38932,0.861107
Test,A100,256,16384,4194304,536870912,4096,10,2199.02,1073741824,0,0,0,0,0,0,0,0,0,0,0,2048,0,0,0,0,0,0,0,0,0,0,0,0,0,0,0,0,0,0,0,0,0,0,0,469.488,4683.88,1.46086,0.905449
Test,A100,256,16384,4194304,536870912,4096,10,4398.05,1073741824,0,0,0,0,0,0,0,0,0,0,0,0,0,0,0,0,0,0,4096,0,0,0,0,0,0,0,0,0,0,0,0,0,0,0,0,969.709,4535.43,2.2485,1.39364
Test,A100,256,16384,4194304,536870912,4096,10,2199.02,1073741824,0,0,0,0,0,0,0,0,0,0,0,0,0,0,0,0,0,0,0,0,0,0,0,0,0,2048,0,0,0,0,0,0,0,0,0,2533.78,867.882,0.373951,0.231777
Test,A100,256,16384,4194304,536870912,4096,10,2199.02,1073741824,0,0,0,0,0,0,0,0,0,0,0,0,0,0,0,0,0,0,0,0,0,0,0,0,0,0,0,0,0,0,0,0,2048,0,0,531.239,4139.42,1.3849,0.858368
Test,A100,256,16384,4194304,268435456,4096,10,1099.51,1073741824,0,0,0,0,0,1024,0,0,0,0,0,0,0,0,0,0,0,0,0,0,0,0,0,0,0,0,0,0,0,0,0,0,0,0,0,113.943,9649.64,1.29478,0.80251
Test,A100,256,16384,4194304,268435456,4096,10,1099.51,1073741824,0,0,0,0,0,0,0,0,0,0,0,0,1024,0,0,0,0,0,0,0,0,0,0,0,0,0,0,0,0,0,0,0,0,0,0,113.927,9651,0.907112,0.562234
Test,A100,256,16384,4194304,268435456,4096,10,2199.02,1073741824,0,0,0,0,0,0,0,0,0,0,0,0,0,0,0,0,0,0,0,2048,0,0,0,0,0,0,0,0,0,0,0,0,0,0,0,114.168,19261.2,2.79617,1.73308
Test,A100,256,16384,4194304,268435456,4096,10,1099.51,1073741824,0,0,0,0,0,0,0,0,0,0,0,0,0,0,0,0,0,0,0,0,0,0,0,0,0,0,1024,0,0,0,0,0,0,0,0,3055.77,359.815,0.0919601,0.0569975
Test,A100,256,16384,4194304,268435456,4096,10,1099.51,1073741824,0,0,0,0,0,0,0,0,0,0,0,0,0,0,0,0,0,0,0,0,0,0,0,0,0,0,0,0,0,0,0,0,0,1024,0,236.909,4641.09,6.54103,4.05417
Test,A100,256,16384,4194304,134217728,4096,10,549.756,1073741824,0,0,0,0,0,0,512,0,0,0,0,0,0,0,0,0,0,0,0,0,0,0,0,0,0,0,0,0,0,0,0,0,0,0,0,114.041,4820.68,0.455869,0.282551
Test,A100,256,16384,4194304,134217728,4096,10,549.756,1073741824,0,0,0,0,0,0,0,0,0,0,0,0,0,512,0,0,0,0,0,0,0,0,0,0,0,0,0,0,0,0,0,0,0,0,0,113.994,4822.69,0.723715,0.448563
Test,A100,256,16384,4194304,134217728,4096,10,1099.51,1073741824,0,0,0,0,0,0,0,0,0,0,0,0,0,0,0,0,0,0,0,0,1024,0,0,0,0,0,0,0,0,0,0,0,0,0,0,114.022,9642.94,0.612449,0.3796
Test,A100,256,16384,4194304,134217728,4096,10,549.756,1073741824,0,0,0,0,0,0,0,0,0,0,0,0,0,0,0,0,0,0,0,0,0,0,0,0,0,0,0,512,0,0,0,0,0,0,0,4160.61,132.133,0.0392536,0.0243297
Test,A100,256,16384,4194304,134217728,4096,10,549.756,1073741824,0,0,0,0,0,0,0,0,0,0,0,0,0,0,0,0,0,0,0,0,0,0,0,0,0,0,0,0,0,0,0,0,0,0,512,118.334,4645.83,11.7309,7.27087
Test,A100,256,16384,4194304,1073741824,8192,10,8796.09,1073741824,8192,0,0,0,0,0,0,0,0,0,0,0,0,0,0,0,0,0,0,0,0,0,0,0,0,0,0,0,0,0,0,0,0,0,0,489.725,17961.3,8.47627,5.25364
Test,A100,256,16384,4194304,1073741824,8192,10,8796.09,1073741824,0,0,0,0,0,0,0,8192,0,0,0,0,0,0,0,0,0,0,0,0,0,0,0,0,0,0,0,0,0,0,0,0,0,0,0,1129.4,7788.3,4.65365,2.88436
Test,A100,256,16384,4194304,1073741824,8192,10,17592.2,1073741824,0,0,0,0,0,0,0,0,0,0,0,0,0,0,16384,0,0,0,0,0,0,0,0,0,0,0,0,0,0,0,0,0,0,0,0,1131.3,15550.4,6.92939,4.29488
Test,A100,256,16384,4194304,1073741824,8192,10,8796.09,1073741824,0,0,0,0,0,0,0,0,0,0,0,0,0,0,0,0,0,0,0,0,0,8192,0,0,0,0,0,0,0,0,0,0,0,0,0,15340.2,573.403,0.0591636,0.03667
Test,A100,256,16384,4194304,1073741824,8192,10,8796.09,1073741824,0,0,0,0,0,0,0,0,0,0,0,0,0,0,0,0,0,0,0,0,0,0,0,0,0,0,0,0,8192,0,0,0,0,0,0,6117.54,1437.85,0.215901,0.133817
Test,A100,256,16384,4194304,536870912,8192,10,4398.05,1073741824,0,4096,0,0,0,0,0,0,0,0,0,0,0,0,0,0,0,0,0,0,0,0,0,0,0,0,0,0,0,0,0,0,0,0,0,249.362,17637.2,17.6183,10.92
Test,A100,256,16384,4194304,536870912,8192,10,4398.05,1073741824,0,0,0,0,0,0,0,0,4096,0,0,0,0,0,0,0,0,0,0,0,0,0,0,0,0,0,0,0,0,0,0,0,0,0,0,574.27,7658.51,5.10333,3.16308
Test,A100,256,16384,4194304,536870912,8192,10,8796.09,1073741824,0,0,0,0,0,0,0,0,0,0,0,0,0,0,0,8192,0,0,0,0,0,0,0,0,0,0,0,0,0,0,0,0,0,0,0,574.916,15299.8,7.29485,4.5214
Test,A100,256,16384,4194304,536870912,8192,10,4398.05,1073741824,0,0,0,0,0,0,0,0,0,0,0,0,0,0,0,0,0,0,0,0,0,0,4096,0,0,0,0,0,0,0,0,0,0,0,0,7670.4,573.379,0.0738806,0.0457917
Test,A100,256,16384,4194304,536870912,8192,10,4398.05,1073741824,0,0,0,0,0,0,0,0,0,0,0,0,0,0,0,0,0,0,0,0,0,0,0,0,0,0,0,0,0,4096,0,0,0,0,0,2888.25,1522.74,0.610827,0.378595
Test,A100,256,16384,4194304,268435456,8192,10,2199.02,1073741824,0,0,2048,0,0,0,0,0,0,0,0,0,0,0,0,0,0,0,0,0,0,0,0,0,0,0,0,0,0,0,0,0,0,0,0,126.724,17352.9,33.4593,20.7383
Test,A100,256,16384,4194304,268435456,8192,10,2199.02,1073741824,0,0,0,0,0,0,0,0,0,2048,0,0,0,0,0,0,0,0,0,0,0,0,0,0,0,0,0,0,0,0,0,0,0,0,0,228.055,9642.53,0.954884,0.591843
Test,A100,256,16384,4194304,268435456,8192,10,4398.05,1073741824,0,0,0,0,0,0,0,0,0,0,0,0,0,0,0,0,4096,0,0,0,0,0,0,0,0,0,0,0,0,0,0,0,0,0,0,228.072,19283.6,3.29264,2.0408
Test,A100,256,16384,4194304,268435456,8192,10,2199.02,1073741824,0,0,0,0,0,0,0,0,0,0,0,0,0,0,0,0,0,0,0,0,0,0,0,2048,0,0,0,0,0,0,0,0,0,0,0,3961.08,555.157,0.131447,0.0814719
Test,A100,256,16384,4194304,268435456,8192,10,2199.02,1073741824,0,0,0,0,0,0,0,0,0,0,0,0,0,0,0,0,0,0,0,0,0,0,0,0,0,0,0,0,0,0,2048,0,0,0,0,1445.13,1521.68,0.315827,0.195752
Test,A100,256,16384,4194304,134217728,8192,10,1099.51,1073741824,0,0,0,1024,0,0,0,0,0,0,0,0,0,0,0,0,0,0,0,0,0,0,0,0,0,0,0,0,0,0,0,0,0,0,0,143.919,7639.8,11.5285,7.14547
Test,A100,256,16384,4194304,134217728,8192,10,1099.51,1073741824,0,0,0,0,0,0,0,0,0,0,1024,0,0,0,0,0,0,0,0,0,0,0,0,0,0,0,0,0,0,0,0,0,0,0,0,573.414,1917.48,1.09853,0.680876
Test,A100,256,16384,4194304,134217728,8192,10,2199.02,1073741824,0,0,0,0,0,0,0,0,0,0,0,0,0,0,0,0,0,2048,0,0,0,0,0,0,0,0,0,0,0,0,0,0,0,0,0,526.24,4178.74,2.13488,1.32321
Test,A100,256,16384,4194304,134217728,8192,10,1099.51,1073741824,0,0,0,0,0,0,0,0,0,0,0,0,0,0,0,0,0,0,0,0,0,0,0,0,1024,0,0,0,0,0,0,0,0,0,0,2494.14,440.838,0.14615,0.090585
Test,A100,256,16384,4194304,134217728,8192,10,1099.51,1073741824,0,0,0,0,0,0,0,0,0,0,0,0,0,0,0,0,0,0,0,0,0,0,0,0,0,0,0,0,0,0,0,1024,0,0,0,736.773,1492.33,0.391256,0.242503
Test,A100,256,16384,4194304,536870912,8192,10,4398.05,1073741824,0,0,0,0,4096,0,0,0,0,0,0,0,0,0,0,0,0,0,0,0,0,0,0,0,0,0,0,0,0,0,0,0,0,0,0,938.73,4685.1,1.50428,0.932363
Test,A100,256,16384,4194304,536870912,8192,10,4398.05,1073741824,0,0,0,0,0,0,0,0,0,0,0,4096,0,0,0,0,0,0,0,0,0,0,0,0,0,0,0,0,0,0,0,0,0,0,0,938.539,4686.06,2.07533,1.2863
Test,A100,256,16384,4194304,536870912,8192,10,8796.09,1073741824,0,0,0,0,0,0,0,0,0,0,0,0,0,0,0,0,0,0,8192,0,0,0,0,0,0,0,0,0,0,0,0,0,0,0,0,1934.16,4547.76,1.98973,1.23325
Test,A100,256,16384,4194304,536870912,8192,10,4398.05,1073741824,0,0,0,0,0,0,0,0,0,0,0,0,0,0,0,0,0,0,0,0,0,0,0,0,0,4096,0,0,0,0,0,0,0,0,0,5059.04,869.344,0.157796,0.0978028
Test,A100,256,16384,4194304,536870912,8192,10,4398.05,1073741824,0,0,0,0,0,0,0,0,0,0,0,0,0,0,0,0,0,0,0,0,0,0,0,0,0,0,0,0,0,0,0,0,4096,0,0,1059.45,4151.26,1.28099,0.793966
Test,A100,256,16384,4194304,268435456,8192,10,2199.02,1073741824,0,0,0,0,0,2048,0,0,0,0,0,0,0,0,0,0,0,0,0,0,0,0,0,0,0,0,0,0,0,0,0,0,0,0,0,227.964,9646.37,1.66321,1.03087
Test,A100,256,16384,4194304,268435456,8192,10,2199.02,1073741824,0,0,0,0,0,0,0,0,0,0,0,0,2048,0,0,0,0,0,0,0,0,0,0,0,0,0,0,0,0,0,0,0,0,0,0,227.942,9647.28,1.06847,0.662246
Test,A100,256,16384,4194304,268435456,8192,10,4398.05,1073741824,0,0,0,0,0,0,0,0,0,0,0,0,0,0,0,0,0,0,0,4096,0,0,0,0,0,0,0,0,0,0,0,0,0,0,0,228.421,19254.1,2.94582,1.82584
Test,A100,256,16384,4194304,268435456,8192,10,2199.02,1073741824,0,0,0,0,0,0,0,0,0,0,0,0,0,0,0,0,0,0,0,0,0,0,0,0,0,0,2048,0,0,0,0,0,0,0,0,6113.63,359.692,0.108621,0.0673243
Test,A100,256,16384,4194304,268435456,8192,10,2199.02,1073741824,0,0,0,0,0,0,0,0,0,0,0,0,0,0,0,0,0,0,0,0,0,0,0,0,0,0,0,0,0,0,0,0,0,2048,0,486.414,4520.89,2.80144,1.73635
Test,A100,256,16384,4194304,134217728,8192,10,1099.51,1073741824,0,0,0,0,0,0,1024,0,0,0,0,0,0,0,0,0,0,0,0,0,0,0,0,0,0,0,0,0,0,0,0,0,0,0,0,228.12,4819.89,0.374614,0.232188
Test,A100,256,16384,4194304,134217728,8192,10,1099.51,1073741824,0,0,0,0,0,0,0,0,0,0,0,0,0,1024,0,0,0,0,0,0,0,0,0,0,0,0,0,0,0,0,0,0,0,0,0,228.012,4822.17,0.886137,0.549233
Test,A100,256,16384,4194304,134217728,8192,10,2199.02,1073741824,0,0,0,0,0,0,0,0,0,0,0,0,0,0,0,0,0,0,0,0,2048,0,0,0,0,0,0,0,0,0,0,0,0,0,0,228.034,9643.4,0.812053,0.503316
Test,A100,256,16384,4194304,134217728,8192,10,1099.51,1073741824,0,0,0,0,0,0,0,0,0,0,0,0,0,0,0,0,0,0,0,0,0,0,0,0,0,0,0,1024,0,0,0,0,0,0,0,8227.79,133.634,0.0578241,0.0358398
Test,A100,256,16384,4194304,134217728,8192,10,1099.51,1073741824,0,0,0,0,0,0,0,0,0,0,0,0,0,0,0,0,0,0,0,0,0,0,0,0,0,0,0,0,0,0,0,0,0,0,1024,236.11,4656.78,6.05322,3.75182
Test,A100,256,16384,4194304,1073741824,16384,10,17592.2,1073741824,16384,0,0,0,0,0,0,0,0,0,0,0,0,0,0,0,0,0,0,0,0,0,0,0,0,0,0,0,0,0,0,0,0,0,0,971.267,18112.6,10.0095,6.20393
Test,A100,256,16384,4194304,1073741824,16384,10,17592.2,1073741824,0,0,0,0,0,0,0,16384,0,0,0,0,0,0,0,0,0,0,0,0,0,0,0,0,0,0,0,0,0,0,0,0,0,0,0,2206.19,7974,3.16529,1.96187
Test,A100,256,16384,4194304,1073741824,16384,10,35184.4,1073741824,0,0,0,0,0,0,0,0,0,0,0,0,0,0,32768,0,0,0,0,0,0,0,0,0,0,0,0,0,0,0,0,0,0,0,0,2216.91,15870.9,8.15746,5.05604
Test,A100,256,16384,4194304,1073741824,16384,10,17592.2,1073741824,0,0,0,0,0,0,0,0,0,0,0,0,0,0,0,0,0,0,0,0,0,16384,0,0,0,0,0,0,0,0,0,0,0,0,0,30689.1,573.238,0.0549133,0.0340356
Test,A100,256,16384,4194304,1073741824,16384,10,17592.2,1073741824,0,0,0,0,0,0,0,0,0,0,0,0,0,0,0,0,0,0,0,0,0,0,0,0,0,0,0,0,16384,0,0,0,0,0,0,12236.7,1437.66,0.242316,0.150189
Test,A100,256,16384,4194304,536870912,16384,10,8796.09,1073741824,0,8192,0,0,0,0,0,0,0,0,0,0,0,0,0,0,0,0,0,0,0,0,0,0,0,0,0,0,0,0,0,0,0,0,0,492.33,17866.3,4.63188,2.87087
Test,A100,256,16384,4194304,536870912,16384,10,8796.09,1073741824,0,0,0,0,0,0,0,0,8192,0,0,0,0,0,0,0,0,0,0,0,0,0,0,0,0,0,0,0,0,0,0,0,0,0,0,1125.59,7814.65,3.47897,2.15629
Test,A100,256,16384,4194304,536870912,16384,10,17592.2,1073741824,0,0,0,0,0,0,0,0,0,0,0,0,0,0,0,16384,0,0,0,0,0,0,0,0,0,0,0,0,0,0,0,0,0,0,0,1131.44,15548.4,5.34899,3.31534
Test,A100,256,16384,4194304,536870912,16384,10,8796.09,1073741824,0,0,0,0,0,0,0,0,0,0,0,0,0,0,0,0,0,0,0,0,0,0,8192,0,0,0,0,0,0,0,0,0,0,0,0,15344.5,573.24,0.0504954,0.0312974
Test,A100,256,16384,4194304,536870912,16384,10,8796.09,1073741824,0,0,0,0,0,0,0,0,0,0,0,0,0,0,0,0,0,0,0,0,0,0,0,0,0,0,0,0,0,8192,0,0,0,0,0,5776.58,1522.72,0.310043,0.192167
Test,A100,256,16384,4194304,268435456,16384,10,4398.05,1073741824,0,0,4096,0,0,0,0,0,0,0,0,0,0,0,0,0,0,0,0,0,0,0,0,0,0,0,0,0,0,0,0,0,0,0,0,249.064,17658.3,5.55396,3.44238
Test,A100,256,16384,4194304,268435456,16384,10,4398.05,1073741824,0,0,0,0,0,0,0,0,0,4096,0,0,0,0,0,0,0,0,0,0,0,0,0,0,0,0,0,0,0,0,0,0,0,0,0,456.21,9640.39,0.633114,0.392408
Test,A100,256,16384,4194304,268435456,16384,10,8796.09,1073741824,0,0,0,0,0,0,0,0,0,0,0,0,0,0,0,0,8192,0,0,0,0,0,0,0,0,0,0,0,0,0,0,0,0,0,0,456.307,19276.7,2.79781,1.7341
Test,A100,256,16384,4194304,268435456,16384,10,4398.05,1073741824,0,0,0,0,0,0,0,0,0,0,0,0,0,0,0,0,0,0,0,0,0,0,0,4096,0,0,0,0,0,0,0,0,0,0,0,7894.45,557.106,0.178027,0.110342
Test,A100,256,16384,4194304,268435456,16384,10,4398.05,1073741824,0,0,0,0,0,0,0,0,0,0,0,0,0,0,0,0,0,0,0,0,0,0,0,0,0,0,0,0,0,0,4096,0,0,0,0,2889.72,1521.96,0.224211,0.138967
Test,A100,256,16384,4194304,134217728,16384,10,2199.02,1073741824,0,0,0,2048,0,0,0,0,0,0,0,0,0,0,0,0,0,0,0,0,0,0,0,0,0,0,0,0,0,0,0,0,0,0,0,287.214,7656.41,11.7712,7.29585
Test,A100,256,16384,4194304,134217728,16384,10,2199.02,1073741824,0,0,0,0,0,0,0,0,0,0,2048,0,0,0,0,0,0,0,0,0,0,0,0,0,0,0,0,0,0,0,0,0,0,0,0,1131.8,1942.94,0.965308,0.598304
Test,A100,256,16384,4194304,134217728,16384,10,4398.05,1073741824,0,0,0,0,0,0,0,0,0,0,0,0,0,0,0,0,0,4096,0,0,0,0,0,0,0,0,0,0,0,0,0,0,0,0,0,1006.48,4369.75,4.83946,2.99953
Test,A100,256,16384,4194304,134217728,16384,10,2199.02,1073741824,0,0,0,0,0,0,0,0,0,0,0,0,0,0,0,0,0,0,0,0,0,0,0,0,2048,0,0,0,0,0,0,0,0,0,0,4964.15,442.981,0.144751,0.0897176
Test,A100,256,16384,4194304,134217728,16384,10,2199.02,1073741824,0,0,0,0,0,0,0,0,0,0,0,0,0,0,0,0,0,0,0,0,0,0,0,0,0,0,0,0,0,0,0,2048,0,0,0,1464.66,1501.39,0.416456,0.258122
Test,A100,256,16384,4194304,536870912,16384,10,8796.09,1073741824,0,0,0,0,8192,0,0,0,0,0,0,0,0,0,0,0,0,0,0,0,0,0,0,0,0,0,0,0,0,0,0,0,0,0,0,1874.48,4692.54,1.03836,0.643583
Test,A100,256,16384,4194304,536870912,16384,10,8796.09,1073741824,0,0,0,0,0,0,0,0,0,0,0,8192,0,0,0,0,0,0,0,0,0,0,0,0,0,0,0,0,0,0,0,0,0,0,0,1874.07,4693.58,1.89032,1.17163
Test,A100,256,16384,4194304,536870912,16384,10,17592.2,1073741824,0,0,0,0,0,0,0,0,0,0,0,0,0,0,0,0,0,0,16384,0,0,0,0,0,0,0,0,0,0,0,0,0,0,0,0,3862.29,4554.86,2.17831,1.35013
Test,A100,256,16384,4194304,536870912,16384,10,8796.09,1073741824,0,0,0,0,0,0,0,0,0,0,0,0,0,0,0,0,0,0,0,0,0,0,0,0,0,8192,0,0,0,0,0,0,0,0,0,10108.1,870.199,0.193471,0.119915
Test,A100,256,16384,4194304,536870912,16384,10,8796.09,1073741824,0,0,0,0,0,0,0,0,0,0,0,0,0,0,0,0,0,0,0,0,0,0,0,0,0,0,0,0,0,0,0,0,8192,0,0,2113.89,4161.08,0.964151,0.597587
Test,A100,256,16384,4194304,268435456,16384,10,4398.05,1073741824,0,0,0,0,0,4096,0,0,0,0,0,0,0,0,0,0,0,0,0,0,0,0,0,0,0,0,0,0,0,0,0,0,0,0,0,455.512,9655.18,1.17794,0.730094
Test,A100,256,16384,4194304,268435456,16384,10,4398.05,1073741824,0,0,0,0,0,0,0,0,0,0,0,0,4096,0,0,0,0,0,0,0,0,0,0,0,0,0,0,0,0,0,0,0,0,0,0,455.542,9654.53,1.19845,0.742808
Test,A100,256,16384,4194304,268435456,16384,10,8796.09,1073741824,0,0,0,0,0,0,0,0,0,0,0,0,0,0,0,0,0,0,0,8192,0,0,0,0,0,0,0,0,0,0,0,0,0,0,0,456.493,19268.8,2.89311,1.79317
Test,A100,256,16384,4194304,268435456,16384,10,4398.05,1073741824,0,0,0,0,0,0,0,0,0,0,0,0,0,0,0,0,0,0,0,0,0,0,0,0,0,0,4096,0,0,0,0,0,0,0,0,12223.6,359.8,0.0433958,0.026897
Test,A100,256,16384,4194304,268435456,16384,10,4398.05,1073741824,0,0,0,0,0,0,0,0,0,0,0,0,0,0,0,0,0,0,0,0,0,0,0,0,0,0,0,0,0,0,0,0,0,4096,0,965.185,4556.69,1.94206,1.2037
Test,A100,256,16384,4194304,134217728,16384,10,2199.02,1073741824,0,0,0,0,0,0,2048,0,0,0,0,0,0,0,0,0,0,0,0,0,0,0,0,0,0,0,0,0,0,0,0,0,0,0,0,455.836,4824.16,0.347657,0.21548
Test,A100,256,16384,4194304,134217728,16384,10,2199.02,1073741824,0,0,0,0,0,0,0,0,0,0,0,0,0,2048,0,0,0,0,0,0,0,0,0,0,0,0,0,0,0,0,0,0,0,0,0,455.625,4826.39,0.519414,0.321936
Test,A100,256,16384,4194304,134217728,16384,10,4398.05,1073741824,0,0,0,0,0,0,0,0,0,0,0,0,0,0,0,0,0,0,0,0,4096,0,0,0,0,0,0,0,0,0,0,0,0,0,0,455.648,9652.28,0.682458,0.422992
Test,A100,256,16384,4194304,134217728,16384,10,2199.02,1073741824,0,0,0,0,0,0,0,0,0,0,0,0,0,0,0,0,0,0,0,0,0,0,0,0,0,0,0,2048,0,0,0,0,0,0,0,16421.1,133.915,0.0224766,0.0139311
Test,A100,256,16384,4194304,134217728,16384,10,2199.02,1073741824,0,0,0,0,0,0,0,0,0,0,0,0,0,0,0,0,0,0,0,0,0,0,0,0,0,0,0,0,0,0,0,0,0,0,2048,471.65,4662.41,2.90481,1.80042
Test,A100,256,16384,4194304,1073741824,32768,10,35184.4,1073741824,32768,0,0,0,0,0,0,0,0,0,0,0,0,0,0,0,0,0,0,0,0,0,0,0,0,0,0,0,0,0,0,0,0,0,0,1910.29,18418.4,4.07267,2.52427
Test,A100,256,16384,4194304,1073741824,32768,10,35184.4,1073741824,0,0,0,0,0,0,0,32768,0,0,0,0,0,0,0,0,0,0,0,0,0,0,0,0,0,0,0,0,0,0,0,0,0,0,0,4293.75,8194.32,4.43661,2.74984
Test,A100,256,16384,4194304,1073741824,32768,10,70368.7,1073741824,0,0,0,0,0,0,0,0,0,0,0,0,0,0,65536,0,0,0,0,0,0,0,0,0,0,0,0,0,0,0,0,0,0,0,0,4327.4,16261.2,4.10709,2.5456
Test,A100,256,16384,4194304,1073741824,32768,10,35184.4,1073741824,0,0,0,0,0,0,0,0,0,0,0,0,0,0,0,0,0,0,0,0,0,32768,0,0,0,0,0,0,0,0,0,0,0,0,0,61335.7,573.636,0.0590665,0.0366098
Test,A100,256,16384,4194304,1073741824,32768,10,35184.4,1073741824,0,0,0,0,0,0,0,0,0,0,0,0,0,0,0,0,0,0,0,0,0,0,0,0,0,0,0,0,32768,0,0,0,0,0,0,24455.1,1438.74,0.275162,0.170547
Test,A100,256,16384,4194304,536870912,32768,10,17592.2,1073741824,0,16384,0,0,0,0,0,0,0,0,0,0,0,0,0,0,0,0,0,0,0,0,0,0,0,0,0,0,0,0,0,0,0,0,0,965.613,18218.7,6.86025,4.25202
Test,A100,256,16384,4194304,536870912,32768,10,17592.2,1073741824,0,0,0,0,0,0,0,0,16384,0,0,0,0,0,0,0,0,0,0,0,0,0,0,0,0,0,0,0,0,0,0,0,0,0,0,2200.07,7996.19,3.33462,2.06682
Test,A100,256,16384,4194304,536870912,32768,10,35184.4,1073741824,0,0,0,0,0,0,0,0,0,0,0,0,0,0,0,32768,0,0,0,0,0,0,0,0,0,0,0,0,0,0,0,0,0,0,0,2219.59,15851.8,6.48184,4.01749
Test,A100,256,16384,4194304,536870912,32768,10,17592.2,1073741824,0,0,0,0,0,0,0,0,0,0,0,0,0,0,0,0,0,0,0,0,0,0,16384,0,0,0,0,0,0,0,0,0,0,0,0,30680.1,573.407,0.0729394,0.0452083
Test,A100,256,16384,4194304,536870912,32768,10,17592.2,1073741824,0,0,0,0,0,0,0,0,0,0,0,0,0,0,0,0,0,0,0,0,0,0,0,0,0,0,0,0,0,16384,0,0,0,0,0,11540.9,1524.33,0.371292,0.230129
Test,A100,256,16384,4194304,268435456,32768,10,8796.09,1073741824,0,0,8192,0,0,0,0,0,0,0,0,0,0,0,0,0,0,0,0,0,0,0,0,0,0,0,0,0,0,0,0,0,0,0,0,486.699,18073,10.6187,6.58151
Test,A100,256,16384,4194304,268435456,32768,10,8796.09,1073741824,0,0,0,0,0,0,0,0,0,8192,0,0,0,0,0,0,0,0,0,0,0,0,0,0,0,0,0,0,0,0,0,0,0,0,0,911.837,9646.56,0.530177,0.328607
Test,A100,256,16384,4194304,268435456,32768,10,17592.2,1073741824,0,0,0,0,0,0,0,0,0,0,0,0,0,0,0,0,16384,0,0,0,0,0,0,0,0,0,0,0,0,0,0,0,0,0,0,911.709,19295.8,2.36072,1.46319
Test,A100,256,16384,4194304,268435456,32768,10,8796.09,1073741824,0,0,0,0,0,0,0,0,0,0,0,0,0,0,0,0,0,0,0,0,0,0,0,8192,0,0,0,0,0,0,0,0,0,0,0,15758.7,558.175,0.106185,0.0658144
Test,A100,256,16384,4194304,268435456,32768,10,8796.09,1073741824,0,0,0,0,0,0,0,0,0,0,0,0,0,0,0,0,0,0,0,0,0,0,0,0,0,0,0,0,0,0,8192,0,0,0,0,5775.51,1523,0.283972,0.176007
Test,A100,256,16384,4194304,134217728,32768,10,4398.05,1073741824,0,0,0,4096,0,0,0,0,0,0,0,0,0,0,0,0,0,0,0,0,0,0,0,0,0,0,0,0,0,0,0,0,0,0,0,571.065,7701.49,6.02363,3.73348
Test,A100,256,16384,4194304,134217728,32768,10,4398.05,1073741824,0,0,0,0,0,0,0,0,0,0,4096,0,0,0,0,0,0,0,0,0,0,0,0,0,0,0,0,0,0,0,0,0,0,0,0,2248.76,1955.77,0.47822,0.296404
Test,A100,256,16384,4194304,134217728,32768,10,8796.09,1073741824,0,0,0,0,0,0,0,0,0,0,0,0,0,0,0,0,0,8192,0,0,0,0,0,0,0,0,0,0,0,0,0,0,0,0,0,1914.52,4594.41,2.25205,1.39584
Test,A100,256,16384,4194304,134217728,32768,10,4398.05,1073741824,0,0,0,0,0,0,0,0,0,0,0,0,0,0,0,0,0,0,0,0,0,0,0,0,4096,0,0,0,0,0,0,0,0,0,0,9902.58,444.131,0.0970136,0.0601296
Test,A100,256,16384,4194304,134217728,32768,10,4398.05,1073741824,0,0,0,0,0,0,0,0,0,0,0,0,0,0,0,0,0,0,0,0,0,0,0,0,0,0,0,0,0,0,0,4096,0,0,0,2922.62,1504.83,0.222855,0.138127
Test,A100,256,16384,4194304,536870912,32768,10,17592.2,1073741824,0,0,0,0,16384,0,0,0,0,0,0,0,0,0,0,0,0,0,0,0,0,0,0,0,0,0,0,0,0,0,0,0,0,0,0,3747.04,4694.96,1.16158,0.719953
Test,A100,256,16384,4194304,536870912,32768,10,17592.2,1073741824,0,0,0,0,0,0,0,0,0,0,0,16384,0,0,0,0,0,0,0,0,0,0,0,0,0,0,0,0,0,0,0,0,0,0,0,3746.79,4695.27,1.97033,1.22122
Test,A100,256,16384,4194304,536870912,32768,10,35184.4,1073741824,0,0,0,0,0,0,0,0,0,0,0,0,0,0,0,0,0,0,32768,0,0,0,0,0,0,0,0,0,0,0,0,0,0,0,0,7720.97,4556.99,0.968269,0.600139
Test,A100,256,16384,4194304,536870912,32768,10,17592.2,1073741824,0,0,0,0,0,0,0,0,0,0,0,0,0,0,0,0,0,0,0,0,0,0,0,0,0,16384,0,0,0,0,0,0,0,0,0,20179.6,871.78,0.108215,0.0670722
Test,A100,256,16384,4194304,536870912,32768,10,17592.2,1073741824,0,0,0,0,0,0,0,0,0,0,0,0,0,0,0,0,0,0,0,0,0,0,0,0,0,0,0,0,0,0,0,0,16384,0,0,4220.41,4168.36,0.924568,0.573053
Test,A100,256,16384,4194304,268435456,32768,10,8796.09,1073741824,0,0,0,0,0,8192,0,0,0,0,0,0,0,0,0,0,0,0,0,0,0,0,0,0,0,0,0,0,0,0,0,0,0,0,0,911.339,9651.84,1.44692,0.896812
Test,A100,256,16384,4194304,268435456,32768,10,8796.09,1073741824,0,0,0,0,0,0,0,0,0,0,0,0,8192,0,0,0,0,0,0,0,0,0,0,0,0,0,0,0,0,0,0,0,0,0,0,911.049,9654.9,1.40583,0.87134
Test,A100,256,16384,4194304,268435456,32768,10,17592.2,1073741824,0,0,0,0,0,0,0,0,0,0,0,0,0,0,0,0,0,0,0,16384,0,0,0,0,0,0,0,0,0,0,0,0,0,0,0,913.173,19264.9,2.59206,1.60658
Test,A100,256,16384,4194304,268435456,32768,10,8796.09,1073741824,0,0,0,0,0,0,0,0,0,0,0,0,0,0,0,0,0,0,0,0,0,0,0,0,0,0,8192,0,0,0,0,0,0,0,0,24447.1,359.801,0.0571696,0.0354341
Test,A100,256,16384,4194304,268435456,32768,10,8796.09,1073741824,0,0,0,0,0,0,0,0,0,0,0,0,0,0,0,0,0,0,0,0,0,0,0,0,0,0,0,0,0,0,0,0,0,8192,0,1922.49,4575.37,1.01933,0.631787
Test,A100,256,16384,4194304,134217728,32768,10,4398.05,1073741824,0,0,0,0,0,0,4096,0,0,0,0,0,0,0,0,0,0,0,0,0,0,0,0,0,0,0,0,0,0,0,0,0,0,0,0,911.495,4825.09,0.739401,0.458286
Test,A100,256,16384,4194304,134217728,32768,10,4398.05,1073741824,0,0,0,0,0,0,0,0,0,0,0,0,0,4096,0,0,0,0,0,0,0,0,0,0,0,0,0,0,0,0,0,0,0,0,0,911.018,4827.62,0.786275,0.487338
Test,A100,256,16384,4194304,134217728,32768,10,8796.09,1073741824,0,0,0,0,0,0,0,0,0,0,0,0,0,0,0,0,0,0,0,0,8192,0,0,0,0,0,0,0,0,0,0,0,0,0,0,911.534,9649.77,0.852005,0.528078
Test,A100,256,16384,4194304,134217728,32768,10,4398.05,1073741824,0,0,0,0,0,0,0,0,0,0,0,0,0,0,0,0,0,0,0,0,0,0,0,0,0,0,0,4096,0,0,0,0,0,0,0,32796.5,134.101,0.0281166,0.0174268
Test,A100,256,16384,4194304,134217728,32768,10,4398.05,1073741824,0,0,0,0,0,0,0,0,0,0,0,0,0,0,0,0,0,0,0,0,0,0,0,0,0,0,0,0,0,0,0,0,0,0,4096,943.711,4660.37,1.50758,0.934409
